x_training,y_training,z_training,correct_answer
1.35123647345182,1.75441659375251,1.73885067968049,1
-0.273126572133969,0.351168592008577,0.69448425736556,1
0.0372619006257824,-0.961588657396614,-0.689435122176829,0
0.574258179298631,-0.274335680005727,-0.930088503203432,0
-0.0834767205908917,-1.14771154807321,0.910682597343676,0
-0.0760480270035465,1.23153959752398,0.501910096277877,1
-0.236025617463531,-0.618902160287409,0.602101608455586,0
0.290060458511247,-0.675008504610638,-2.03486658957154,0
1.0557061465222,-0.476408621100024,-0.653157435792118,0
-0.15648959538882,-0.285023576349987,1.03213128568844,0
-1.11757397782586,0.280713458605171,0.494656742966828,1
0.00377132448062485,-2.54842418218949,1.50485054309521,0
0.662604222323238,-1.60418478188426,-0.466241391567256,0
2.04975095266202,-1.52795360749692,-1.49588724649689,0
0.740617736528383,-1.42118133203334,1.87462847825446,0
-0.493770795725306,0.737934722548059,-1.50051159627581,1
1.16395556223522,-1.05878838159462,-0.942428671754489,0
0.28397694837345,0.349250142702487,1.18068716508945,1
-0.715590043343968,0.549468832719203,-0.203435880974627,1
0.0506048493393793,1.63814909941828,1.13152362798473,1
1.55899948098736,0.95778606611206,-0.169424793665159,0
0.988031470888275,-0.289415921103834,0.893313627433043,0
0.956351619565816,-0.180189700399216,0.976560545917685,0
-0.283902693716811,-0.31384528890843,-0.813616848090813,0
-0.489749473000809,0.226357876114482,0.56135845210667,1
-0.150861074415757,-0.0592848496556569,-1.26661451855212,0
-0.0544322383557945,-0.48865340299458,-0.253215708606307,0
-0.783281530409883,-1.40129761310591,-1.22959342359285,0
-0.122075376060605,-1.59676917389559,-0.460166385791468,0
-1.07931648395523,-0.540892951197801,-0.0266569354132236,0
1.05083609776556,-1.17518659290292,0.605380600021506,0
-0.673772354462629,-0.283787106279849,0.531153529321227,0
-1.44535869380295,-0.0503903123622987,-0.849220861527381,0
-1.10331856041691,-0.549518746868401,0.562155119396383,0
-0.100706746523165,-1.35422610552714,1.33558988013037,0
-1.33937396468008,-0.186560979121204,-1.19072370757755,0
-1.058420400556,0.190029988398344,-1.42704859921027,0
-0.874741998090261,-1.81468573024672,0.160423577486728,0
-0.121143996815454,-0.136301980345518,-1.19344333065819,0
-0.36083367988949,0.87017641468878,-0.120963421850173,1
1.32952399093539,-0.847348108688464,0.970832308685804,0
0.738414342104306,-1.20659491417744,-1.48503887779259,0
-0.486143782404999,-0.368447497215044,-0.266281947826223,0
-0.168194346097075,0.105203497857761,-0.132057548364856,0
0.809398916594531,0.0252538174464404,0.529394235204219,0
-0.985017575178194,-1.38808222936071,-0.374894406370126,0
0.262436747876037,-0.350798370522145,1.3498279528634,0
0.0981018390027041,0.267319144321924,1.08282505671151,0
-0.862736146383727,1.16639339745594,-1.71624475523201,1
-0.914662953407911,-0.200430618528678,0.870859629937108,0
-1.20686093661068,0.930874085366521,-0.91042591661531,1
0.370191134436923,0.224712930926314,0.608726419655538,0
0.347586837066135,0.999737327533517,1.10923621131646,1
0.439243098627622,0.627065479287878,-0.173915039222241,0
-0.716239520344886,0.988895044851839,-0.832625751735905,1
-0.0525606213407678,1.04501535837485,-0.197507021618528,1
-1.50010950547508,1.35648103670062,1.21554016758041,1
-1.22497197631031,-1.67852565368487,1.19983093327449,0
-1.07957115997144,0.136403446534531,0.22723853319737,1
-0.87669641704945,0.0331115704065536,-0.88115102466097,0
-0.360833545645339,-1.44826646812027,-0.269507886905534,0
1.84938328842858,-0.195888161458511,0.0242175204403168,0
-0.0770243425038086,0.343655137382329,-0.329581446382223,0
-1.45806860482848,-0.461001647663244,-0.432093937206322,0
0.970587104010294,0.530771833065154,0.468956401211471,0
-1.34069303397609,-0.583109448074164,0.299896376459089,0
-1.8306957996682,-0.484284318874649,-2.2409607598904,0
0.717974993480666,-1.07423150122698,-0.939576157686129,0
0.0628131749800678,-1.62180001647487,-0.389043790092536,0
0.14246834631197,-1.49537079604539,-0.41799371078974,0
1.01838998479196,-0.663277709351425,0.405702926048185,0
-0.264984514509334,-0.235137741839278,0.871746966130614,0
0.729676274851414,0.329728177303728,-0.94231536001749,0
-0.687926491086494,-1.06091502420205,-1.08586497817219,0
1.1467895308158,0.345111867083428,0.780845211319199,0
-0.0145380276751888,0.770904613530478,0.431506973491788,1
-0.377064121209595,1.87767094714783,0.10491112417775,1
0.637092787183958,1.16364416228871,1.6319159608147,1
-2.02181526998019,-0.0990922241469656,-0.289765698572117,1
0.312961546757835,-0.022038943614119,-0.641007594641487,0
-0.631063521702712,-1.4448478381273,0.513667732530426,0
0.409331354331014,-1.31234986422224,0.868443865790886,0
-0.87465059678773,0.913546743609823,-0.486103826828434,1
0.456352468193454,0.35087038575688,1.23941177310643,0
0.440331203852363,-0.222903008113569,-0.270199558969681,0
2.06283338858499,-1.47104511464998,2.29723922456945,0
-0.722472074389708,0.849187173612423,-0.543397687673753,1
0.25791569389153,0.242910922365552,0.531029344668002,0
1.49212853899508,-1.23444663050591,0.451712667177574,0
0.399854464330285,-0.255199317500158,-0.417722525661555,0
1.12779132255492,-1.2214155494602,0.0737822109814611,0
0.639636888589915,-0.329399899859714,-0.680076681826467,0
1.9350195322473,0.662819225935985,-0.239419288146784,0
-0.465482720487467,-1.05975900633085,-2.31255397391827,0
-1.22929998191383,1.14134130589193,-0.7130871773573,1
-0.84658400261784,-0.594695616903095,1.04040502298801,0
-0.450601612274034,-0.789699978086777,0.10364009924352,0
0.193557025517205,-1.36037388365097,0.198408331842012,0
-2.14500076883084,-0.233428740399965,-0.890517470826321,1
0.496557123395924,1.26205269163111,-0.484145281939825,1
-0.405223016069102,0.778302185980595,0.450361570198442,1
-0.147003974903103,1.09612340612443,0.770423029756455,1
-0.542490497087404,0.7456974818475,1.51082671554613,1
2.02631012282006,-0.828200302992652,-2.26693444757792,0
-1.37445045706745,2.52465748386273,-0.718256654346002,1
0.915540578556326,0.355660184431865,0.592886893551501,0
0.994008555815674,1.68169546456537,-0.376673963727948,1
-0.0618793692855522,-2.77673885958227,-1.45087698736039,0
1.17018068808675,0.985318881365662,0.798194751892996,1
-0.175684246028786,-2.16630013478746,0.214132619766638,0
1.26440558813429,0.703451003476892,-0.550088970471125,0
-0.941286552473452,-0.20923326373009,1.03461851449906,1
-1.42801005201328,-0.855681842389007,1.40211537852219,0
0.509109017494372,0.258879570933182,-0.522511241953454,0
1.24223519110515,1.15812524163712,-1.10807859517502,0
1.58202483187444,0.188207027279544,0.951986420336233,0
1.96495610876769,0.467747657161325,-0.334070949530443,0
0.396760149810707,0.773513482239819,-1.50436799971018,0
-0.438787746117527,-1.03267898723311,-0.792859220224677,0
-1.52440554224708,1.41016861031494,0.896041873011976,1
0.613405989202966,0.281447027796155,0.16400178662309,0
-0.569110929314767,-0.378489104325997,-2.1324898961416,0
-1.02733133427475,1.4920835330234,-0.222533658555126,1
2.34609268333757,1.01653987071454,0.292179326267754,0
2.12609456400151,0.366452204053123,1.36161690401703,0
1.04284800333849,-0.0245151634203536,0.0892341255039805,0
0.197521219882966,1.87870065718302,-0.659472854061911,1
1.8199587154648,-0.503663354085713,0.756651804797181,0
-0.0703642377772225,1.01602858911765,0.23689901030753,1
0.751874661458713,0.735475316544266,-0.0258845275620536,0
-0.330246057444798,0.902793485515803,-0.457561687821798,1
2.2902891882383,-0.37812456072179,-0.155901173587252,0
0.450341449660446,0.139465519449116,0.671746911386399,0
0.676693286728553,-2.17553243801865,0.644928304951262,0
-0.0138632123778382,0.177099097061273,0.281223134534011,0
0.0181435191531211,-1.50066710072833,-1.61017278204411,0
0.403661471922474,-0.559688707922045,-1.09345119900777,0
-1.40463029705146,0.757509494847288,-0.493021797432876,1
0.870904448816252,-0.143471230451118,2.15309447477414,0
-0.685651509995303,2.48270272516592,0.416055921076952,1
0.886622378596558,-0.888596155317231,1.21172288129203,0
0.106177899048096,2.55672195298195,0.242453997219121,1
-0.684976490428026,-0.750592177200313,-1.36442663448173,0
1.74268666623764,0.530133632089593,1.2104072322374,0
0.164199901608021,-1.21883470830145,1.1938659560682,0
-1.29580833936376,0.953061364852083,1.12359316318372,1
0.405256866974472,-0.455023914501929,-0.605653425341534,0
-0.265933819691331,1.52124419138411,-0.0159202561801784,1
1.83458586645091,-1.14058258806717,0.673150017395044,0
1.19083406803519,-0.529702760059146,0.0714222916416848,0
0.49938317755748,-0.117885662854854,-0.835985989146665,0
-0.0536876410930981,0.958014861263876,0.610362220288976,1
-0.260688293679018,-1.58557142560579,-1.21353756192861,0
-0.703744459747917,0.415266338609269,-0.0429341019557399,1
0.546266682227114,0.781538319810341,-1.87471896945182,0
-0.947613379268475,-0.198933193303707,-0.504315627137133,0
-0.214164080104464,1.13468970422379,0.786943042405448,1
1.46076295549047,-0.50851177957215,-0.125167161952213,0
-1.46048203934666,0.382938833228815,-0.512540294986554,1
1.6288900790267,-0.204058313116319,0.491782902980771,0
1.52458240319308,2.08717510181123,1.23087689512834,1
0.839946558688531,-1.26606200568993,0.585077530548752,0
-0.162258894348359,-1.22578282003872,0.851500740639606,0
1.722323135848,1.42599259288664,1.41439288804211,1
0.903485194883329,0.856565379837904,1.03080239860567,1
-0.597699328341173,0.279057479714045,0.898727371999615,1
-0.762988604795395,-0.464317964198077,-1.00915293121504,0
0.361024976585589,0.0121779725711991,-0.322927062246038,0
0.561463822811787,0.692449585270145,-1.99128215965636,0
-0.887960549795368,-0.201532156527581,0.998676405357837,0
2.24135564344467,0.319089345615902,-1.25914074454615,0
-0.711598247616567,-0.0551258788975577,-0.87152229774668,0
-0.722074036878843,-0.353041844263357,-0.739698828010719,0
0.659229991135198,0.687251794277596,0.273374097792258,0
-0.104670555143277,1.06130763024991,-0.0408613582687822,1
1.21461026523331,-0.204100863188586,0.113877806498665,0
0.206104570093331,0.401893153575472,-1.25601898034296,0
0.878634632846038,0.885819344351777,-1.24062552263703,0
-1.17099974975137,-1.38997372632828,-0.152553592369772,0
0.0375761470823,-0.405364474321964,1.13496752299876,0
1.02978255230128,-1.03200923574104,0.53549494818033,0
0.629050870522971,0.391449572040246,-0.344386809669816,0
-1.016092128706,0.993071826156477,0.454491171756849,1
1.878594302259,-0.184545174186311,0.637307686777129,0
-0.225546360560217,-0.468984903288216,-1.89525449562011,0
-1.06434047125089,-0.131243671369001,1.19039271064944,1
-0.577829769986956,0.021975940578115,-1.17480078363326,0
-0.387728588991641,0.972632794210711,-0.725475208807489,1
-0.727062948439545,0.365999127874531,0.0331830041983358,1
0.496293863489971,0.815039165019146,0.0658067198110435,1
0.985444957170692,-1.30500153685268,-0.035525696814728,0
-0.929649190544682,0.243302978377629,-0.7013574784096,1
-0.191279169920167,-1.85652405889848,0.323478867205014,0
-0.82344868598584,3.9650852334727,1.462593341972,1
0.542701076185388,0.985194392975096,-0.413014184127896,1
-0.297813896278999,1.57970509043978,0.582112340380527,1
1.12988758452321,-0.319599783925799,-0.42605860789053,0
-0.0315139513257701,-0.140087150535141,0.17892444500183,0
-0.849403760547437,-0.0540339991033663,0.352575283234438,0
-1.98192446491421,0.237115416610473,0.594021663468709,1
0.697322463299632,-0.232673144654729,-0.452633738069424,0
-0.283845216813392,1.10409773624903,0.158290578722967,1
-1.88849883176038,1.01160896597283,-0.420123371280386,1
1.52378084367257,0.509349134544087,-2.12632489724949,0
0.572551207486133,0.281523978813608,-0.317851674423025,0
-1.67403187226467,-0.725042505855066,-0.439055651075931,0
1.33612391496859,-1.27795374605766,2.40457256721306,0
0.135900383440964,-0.946646518964259,1.33650656754878,0
-0.233269037397269,-0.936316941162318,1.01979006439617,0
0.490516911537105,0.308781286096375,-0.836444694692474,0
-3.00172694856199,-0.994287364800454,0.838560083718844,1
0.916291597684409,1.30151471560696,0.404996140995083,1
0.776943249006797,0.769566184653404,0.200235827995681,0
0.598598662039941,1.17048624171469,2.59571155875479,1
1.52270345710194,1.14098739951304,-0.339238421187992,0
-0.427232718348338,-0.576534765479408,-3.77818844227364,0
-1.10695893178837,0.0575585683319909,0.648866833380948,1
-1.88155225331134,-0.816207065556152,0.0477125990462154,0
0.588872651263241,-0.836898912246999,0.364021476103424,0
-0.250757692491548,-0.486484195565493,-0.713883861596604,0
1.31634003080073,-1.43540423418105,-0.873408249209615,0
-0.352356280127791,1.03001594028009,-0.881369887597566,1
-0.0650716190214273,0.775992751342475,-0.791232626721586,1
-0.216930162179308,-1.18867710528255,-0.0144692660812351,0
1.37818788642388,1.16581258481045,-0.285043408658081,0
0.254736171871133,-0.0341126813988696,-0.0448259962200344,0
1.24178304205224,0.873181496886703,1.70853870908132,1
-1.54435851378306,0.540062790114277,2.4186108947498,1
-1.67159211079828,0.165908315408702,-0.00727007655743097,1
1.782548310187,1.09293534066323,-0.862889772429522,0
0.936505128544357,1.67151007673466,0.971675794049301,1
-0.964381277155964,0.185065977091415,1.35496426720118,1
-0.138014043577452,1.2896676112506,-1.21956954617655,1
-0.49705007787975,-0.398547849190924,-1.31412365133221,0
-1.38125056656032,0.270112720689669,0.384735177162389,1
0.755471395847032,-1.53819129828782,0.303879997672868,0
-0.882031956061612,-0.275650118822781,0.283455745035502,0
-0.545426548092483,-1.10000640475336,-1.03918859973238,0
-0.906259720533306,0.161812573188621,0.0744361683183362,1
-0.553555919025849,1.05916565130306,-0.893344789809215,1
0.941088356678048,-0.647358298129393,-1.15732287002315,0
0.448291286033278,0.922312929330349,-0.771805578778301,1
-1.29066614074757,-0.165173170349367,-0.811762926460502,0
-2.07518912029181,0.95088914792913,-0.208792221432706,1
-0.486492164708041,0.195713963769949,-0.0043663980132121,0
3.11821859430549,-0.440233877776026,-0.683413006579595,0
1.44332994581273,0.915995481879913,0.184375454414021,0
0.806992285517592,0.369577761686101,-1.37624896297379,0
-2.15801147414979,-2.74514164953623,-0.269045997921671,0
1.80005704094383,-0.0289683630296317,0.748346239160415,0
0.557477105832948,1.30873004147822,0.220916839458435,1
-1.04126756931884,0.0983837571006067,-1.00839958113732,0
-0.628861403702409,-0.414327194030352,0.441485138523861,0
1.60897662904581,-0.228119932710551,-0.0888488130384273,0
0.86571994578376,-0.479194643325913,-0.909260692149794,0
-0.101056936967779,0.600849713526024,-1.21704336957677,0
0.825886571106617,-0.200224151377109,1.0443336299807,0
1.40454021906707,0.345427421687923,-0.95867669376223,0
-0.302820682631364,2.19252827841643,-1.11673380045627,1
-0.329293132020786,1.71691119284463,1.36212931792803,1
-0.270656241611748,-0.755353090166962,-0.277860893788279,0
0.571729406413865,-0.741378388916548,-0.428503718920908,0
0.871471346737508,-0.957273555550005,1.85306449140471,0
1.24658721549541,-0.0351300518444012,-0.932749407548894,0
-0.299526540715565,0.823110652803939,0.303231408431526,1
-1.18680184546188,-0.429630718176697,0.927998269203445,0
0.661345271911829,-0.655383827030798,-2.18419628806306,0
-0.667267076962077,-2.57628864250375,-0.388030831373653,0
0.792442184333203,1.01855518253425,-1.52891821988031,0
0.490624390453514,-0.350287773152699,0.599017837756869,0
0.534243587246724,0.765601802790052,-1.6365544618214,0
2.32925530548966,0.602114204189306,-0.182937020757164,0
-0.950463859360226,-0.2228152409888,0.110773294958915,0
0.169878208497571,-0.247960705321947,-0.609313237623316,0
0.199584758169376,-0.201813150121685,0.45109932536135,0
0.0615547684053488,0.293773963419393,0.576172170516685,0
1.25476569649427,-0.989313757594139,-0.513277454533138,0
0.0417355554426048,0.196046437736381,1.80273176916659,1
-0.30504796184911,-0.534706220559587,-0.10050541668015,0
-1.98170923673553,-0.616358471224418,-0.406196860329642,0
-1.01961676564857,-0.174417698450812,-0.215010500986268,0
-1.1351597561729,2.55971821034217,2.50328687753431,1
0.88508721012634,-2.05090640211627,-1.20763493771585,0
0.594676300217058,-0.740085229027743,-1.81117216315582,0
-0.302328491256589,-0.685022049171247,1.20467062070738,0
1.53734718798797,0.571896111551172,-0.941420381267192,0
-0.095681199539794,1.2736954823917,-0.106173609469383,1
-0.255013545350127,-0.50287133845549,-1.21720460803252,0
-1.06001631883467,-0.955534497364738,-0.35228014486881,0
1.83622861837209,1.96969082280711,0.360534532637093,1
-0.908046395862276,-0.585125223655076,-0.738332748447816,0
-1.31599445868531,-1.96872250747006,-0.836986771711731,0
-0.995542502873275,-1.20090860270208,0.687059883981652,0
-0.204843549072807,0.794044759431483,0.419995175514603,1
-0.216654108474347,-0.763291575305543,-1.64491085886557,0
0.900665483350925,1.66475720390718,-1.35302270445484,1
0.578243143203867,0.195015415819503,-0.00371577228840555,0
-2.15486237709939,0.0946598002098997,0.560669039325343,1
0.325842861366454,-0.192239320534388,0.528886058750215,0
0.765597723977435,-0.372198695791785,-0.327705350632121,0
0.918024652674635,1.01961705331523,-0.61694120827366,0
-0.95889272345096,1.10062477946821,-0.267556718236033,1
0.928644963242992,0.43090396063413,1.0146174559647,0
0.593809150508469,-1.15281820572082,-0.171410136010029,0
0.9673855506301,-0.663695477994671,0.0723917414553337,0
-0.0785886375373036,-1.66255302654619,-1.18106917093918,0
-1.45326402919611,0.225747709113898,0.098110068385419,1
-0.306794415609596,-0.72651136004905,-2.72307032615834,0
-0.639850664765152,-0.304768740257116,0.071603578161403,0
-0.0835991145748652,1.52154502225557,-0.0575236136498549,1
-1.37582693156195,0.190480346523301,-0.756881659297816,1
-1.01629222199615,0.363887059470962,-1.73768348298465,0
-0.517041636272899,-1.05154687348363,-1.14736681839734,0
0.378857323109851,-0.957102650470654,0.90361822850823,0
1.40677793852595,-0.0253618289837542,-0.507050552294437,0
-0.806424886190002,1.34137487284796,-0.917209136086805,1
-0.0779808768851026,0.657303101425034,0.276374344908134,1
1.15559394870979,-1.36755039677744,-0.787369945070593,0
-0.996834508298582,0.879089095485731,-1.20639336246238,1
0.368133649384158,-0.277398954171355,-1.64220971862772,0
1.31159560241261,0.896885779712513,0.666634994935327,0
-2.01602773409803,0.28034051686277,0.957019673848035,1
-0.0290117034975474,0.195896989114418,-2.27063757496609,0
-0.809266492248596,1.35633300868967,-0.614777444973615,1
1.41149000945078,-1.09786265128275,-0.800182586201797,0
-0.150744720421937,-1.31074615673618,-1.00259244095124,0
-1.43026556963289,0.12023589498217,-0.440969031735903,1
0.0693064566474865,-0.079455636008895,1.15674015956234,0
-1.81567865325937,1.13940148432794,-0.85419741182612,1
-0.363657994452702,-0.419344086562909,-0.454834376035425,0
-0.63578325619981,1.97083714868222,0.134771030010424,1
-0.914524743210694,-0.906944312916794,0.728676455580833,0
0.465910538541446,0.358750330332589,0.195858407940218,0
-0.322133956660734,-0.659366346992066,1.80202273963327,0
-0.445047208461824,-0.405182029036127,-0.604329226701685,0
1.33410553472674,-0.191850767548022,-0.383915939084857,0
0.206992846564443,-1.40107265129673,-1.39780833648506,0
-0.568710747113226,-0.00169904904451066,0.810064253642356,0
-0.0915817618332545,-1.34943245223046,-0.251417397570649,0
-1.0180583193008,-1.1402336553689,0.351611930930628,0
0.880892341623457,0.181077855215708,0.43206117222612,0
-1.51934561467541,0.442970655326039,-0.997530437041301,1
1.09775190217512,-1.35263814054133,0.370447521409634,0
0.509849187724321,-2.77599760166772,-0.310372558493059,0
0.779127662870521,0.871768325147984,1.00677569020345,1
-0.177874902147128,-0.862849261355803,-0.506707010826341,0
0.805802007425058,-0.266896123787038,-0.141000881502679,0
1.70549942309048,-0.480801294847109,-0.356012241646428,0
0.608519883962244,2.74454163086251,1.3406509699026,1
1.97435547088589,1.46617132640614,-1.69284556764062,0
-0.109785859545879,0.700003416398799,-0.233122899528542,1
1.06753241091748,0.346831555306737,-1.07498159661608,0
-0.437561694755092,-0.205076934726554,-1.22441488181906,0
-0.850645519062831,-1.47453709812826,-0.244126444226778,0
0.661769238819253,-0.0900324419468485,0.521240769528172,0
-1.29393823231269,-0.678866380702158,-0.198352867167132,0
-0.931135771717093,1.54680889738298,-0.414517956196682,1
0.901918627270502,-1.05206647464317,0.592311150642979,0
-0.924662693360401,-0.277070646712003,-1.44067177759843,0
-0.379442382717016,0.308012083270839,1.59403332633531,1
-2.13464245509124,0.482210396883607,1.03030187745376,1
0.807498147279752,-1.65651579371781,0.229395222026441,0
1.69268504517199,-1.28452924159593,0.60496618204663,0
-0.352868797670746,-1.87042498821594,-0.77993849304093,0
-2.26985783847277,1.74263015133261,-0.0314005441194767,1
0.844110552961251,-0.66963665054441,1.71126480795806,0
0.0805831761755975,-0.715406817405653,-0.177284324889662,0
0.177342028306363,-0.937696436777617,0.4288145576943,0
-0.0539276869096867,0.488836096975191,-1.08906332056485,0
-1.9771341626912,-0.4189169976432,0.28016621182552,1
0.843647100525792,-0.790761777709026,-0.527326084472535,0
-0.177912847346798,-0.269530152447085,0.302054026793909,0
1.02011002049915,1.23781107957587,1.28362214448102,1
-1.57705881289014,1.60967305704538,-0.0212611814549156,1
1.49015408269476,0.251476259740125,1.35761791087797,0
-1.40161277549061,-1.26894659850927,1.09712361348581,0
-0.610226664258956,2.41695769809362,-0.51175077984205,1
0.902153425413395,1.10792515242352,-0.826252052473345,0
2.1499327207105,-0.886714782761181,0.589096252981507,0
-1.85703233548398,-1.20528211010342,-1.14290454996844,0
-0.865494007234643,1.44454328230227,1.23360813448787,1
2.26141206182343,-0.376536402673591,1.32339607598611,0
-1.47222467847341,0.217004354216181,-1.27031605639941,1
2.24440194490541,-1.27479326954194,0.304509304870341,0
-0.689773542997208,0.669953043881404,-0.852761857961384,1
-0.443963282762315,1.19669318899484,-2.08683631271257,1
-1.45375363079664,-0.538591253136603,0.736024351976297,0
1.37593233503523,-0.753179389961774,0.553122201676608,0
-0.0627357771943461,0.917844370110025,-0.0375553492181039,1
0.577511160944108,0.0319608058176999,-1.18821462894838,0
0.260304249454038,-0.674053161621001,-0.501231359825384,0
-0.140316864780674,-1.27583655423667,0.895045226075363,0
-0.630471772230501,-0.347720426702687,1.26180137792724,0
0.489951551960856,-0.0787146735661797,0.392214894353618,0
0.165652672234393,-0.621804780782963,1.44412006628482,0
-0.0297608321294508,0.600879064111815,0.339655401961073,1
-1.27195127338452,-1.54843856847971,-1.07099102371262,0
1.71718285367508,-0.825099259979427,-0.0797134257882577,0
1.56778867875539,-0.864934651916685,0.152513372885638,0
0.017488827614078,0.195846080028604,-0.0383998940447022,0
0.972565491088582,-0.46484300927426,-0.195262761690695,0
0.482963440490123,0.272991637195771,0.849660396476576,0
0.646384006165083,0.200266085971226,-0.139038465678998,0
-0.546294802181655,0.0291520266001085,-0.162616357075634,0
-1.77164608682688,1.66002578184328,1.89879191889908,1
-0.484091458235234,-1.07334398288108,0.176526378111796,0
0.362584250716241,0.751350859123218,-0.279897072954338,1
2.87231884809096,-0.0599835897360204,0.288654608480314,0
1.45333231259166,0.109963575261023,-0.403145043044781,0
1.10111986342304,0.353859167991676,-0.273881174305227,0
1.29126207537134,1.30257815604897,-0.919842231423141,0
0.653395808638921,-0.462997191172876,0.487340713153535,0
0.40516475558116,1.11240611592253,0.728779380233273,1
1.29805166185259,-0.81518948190258,0.365358666777354,0
1.22206052745326,0.811205692911549,-1.3993815650622,0
-0.0941862488932896,0.898385307548153,0.17210660998681,1
-0.940164107978344,-1.01740767614235,0.536126403870359,0
0.197550184377481,-2.4597972066028,-0.349080723414871,0
1.76396286807032,-0.087249149997885,0.629082896873314,0
-1.93561687636052,0.864598316197373,-0.60022541098664,1
-0.562131675306103,0.271810867503535,1.33952975968415,1
-0.16367306455513,-0.341027302875104,0.756619616102951,0
-1.82083244126381,0.854385818036185,-2.21681093317316,1
-0.15334440764943,1.07460395672033,0.133942739301423,1
1.26207184138155,-0.259377315216353,-1.41982867979818,0
0.101290003686743,-0.577708276575706,-0.722521556606059,0
-1.83923341312655,-2.25452765462014,-0.247529120116895,0
0.737999323615549,-0.0396788542615833,1.96209177384932,0
1.98920624526113,-0.269452840018302,0.512747031771566,0
-0.270285072273184,-2.15106180610379,0.173373807007176,0
0.371613227128997,-0.540406486185866,-0.885399176354778,0
-0.384652635611809,0.284761632068356,1.98590351541319,1
-1.56884804327765,-0.346311982259239,-0.639177345232998,0
0.351964318531902,0.927706810053456,2.26629855200922,1
2.20688519263651,-0.343375529186064,0.607565239791694,0
-0.435096025202548,0.165426464565698,-0.689320051173278,0
-0.310374082295556,-0.0863955265803214,-0.731540939848339,0
-0.685702287798328,-0.138161343373309,-1.21752082907963,0
-0.676515657797165,1.07128171233488,-0.254843350404269,1
-1.04391765682782,-0.380840164538339,0.31916629498964,0
-0.401516824003815,1.0202985001294,-0.836967278758327,1
0.772192074494308,0.437270678401867,0.558304936643426,0
-0.896323943581288,-2.66199131719608,0.838232502743322,0
-0.0294212979598397,-0.610072859415544,0.683621028207108,0
0.368408738567501,0.189763903159158,1.03219345686689,0
-0.254209807762415,-0.143996904729962,-0.0924228409502925,0
-0.280264635591972,-1.02540321352905,-2.96740242369629,0
0.457184916184279,-0.761462123671604,-0.100609201925557,0
0.557732420269915,-0.117968213836653,0.87093865321655,0
-1.8793664811181,-1.16835256925835,1.22840050175983,0
0.803422997249157,0.890008403908174,0.50273776363605,1
-0.831478552754517,0.73230779855652,1.37860914843659,1
-0.173273694220625,-0.122159997589283,-1.28990291407214,0
-0.010652537903766,0.74905415842491,-0.339740819573057,1
1.15049050392705,0.990359771519597,0.959973200943457,1
-1.42670775017709,0.306701210231866,0.885671265559019,1
-1.017259805399,0.523616672224496,-1.95562086371636,1
0.346662499923642,1.08019992382047,-1.69755528327129,0
0.766274397204833,-0.629229567990962,-0.107479951347179,0
-0.131625504456962,-0.231893766790585,-0.40099262852962,0
1.10336524398171,0.0568442625648308,0.794873178265517,0
-0.816895540781618,0.479126762372619,0.889333065579802,1
0.141814502698659,-1.24157214172069,1.91782845186811,0
0.328856806642331,-0.0693210989186128,-1.10883288938404,0
-0.0352348620144453,0.280448996236678,-1.90975889377619,0
0.789161463692515,-0.804350099264805,0.886900786557226,0
1.63412875309693,-0.762464876687859,1.2441499246219,0
-0.549501530385929,-1.52646193231574,-1.05545692610683,0
0.287559685066262,-0.441846816466094,-0.585016143493276,0
-0.425657438005034,-1.06181228143264,-0.575699922826324,0
0.342251872629314,1.55829040283182,-1.10632406676053,1
-0.0770715117958585,-1.35669703605848,0.639109425384409,0
-0.194197758956964,-1.25598954014715,-0.659841744194512,0
1.65759537303035,0.4264097556931,0.174445834236391,0
-0.248080178233091,0.900111459957804,0.730679231915511,1
0.593164471362214,-1.14376133437629,-1.09625819008824,0
-0.0306313203808949,-1.27374985417754,1.12259544055354,0
-0.29028114221089,-1.2318102989883,-1.84472880848815,0
1.54924759356232,0.893012225360097,2.53602379013834,1
0.824186280529546,0.248221192286161,-0.913143002399755,0
1.22519003396118,-0.365342831102034,0.383681295237087,0
0.279424387316828,1.97872603554169,-0.960341316165151,1
-0.302773950173216,0.403226814849448,-1.01454166238516,0
-0.984928924011427,-1.07209728531815,1.02792511671022,0
-1.05145241742284,-0.0288598291071152,-0.878434924110797,0
-0.897752207405949,1.40825854790259,-0.626335646876706,1
0.0922610657583106,1.289631981132,0.878337222143801,1
-1.03406867620721,1.73163220228728,0.0907775432769261,1
-0.0864710467374946,1.42952759753222,-2.58658731725949,1
0.0407096786854226,0.854932225388202,1.10699409753712,1
0.315837397291245,0.64688560470591,-0.61256222596527,0
-1.1911641673762,-0.0562477537228213,-1.23781018969175,0
-0.790974365958359,0.563659811344323,-0.39747981306101,1
-1.27302370643074,-1.19494904841419,0.302969274410406,0
1.6287807101717,0.647336079815842,-0.683715520809378,0
-0.0909811601341501,-0.149865857058729,-0.165578797612272,0
1.38916056211244,-0.750752846618893,0.65243976574811,0
-1.02031643006781,1.24275532484353,-1.24422035204591,1
-0.206557543594964,0.289535935368475,-0.323157250180499,0
0.406067359277326,-0.168359665108123,-0.415612283235957,0
0.654623985480081,-0.90781433848579,-0.857065707226463,0
0.58528705691751,-0.937417153647651,0.10000642544933,0
0.680497120369568,1.38548582921387,-0.692683593350744,1
0.903047730432447,-1.26335289861775,0.476291085116167,0
0.395647751764808,-0.00360946722630247,-1.57925355355145,0
1.73359276693055,0.253083823550338,-0.987221627615299,0
-1.4917113259538,-1.78080730288123,-0.2539728659125,0
-0.152341078540585,-0.883979500058052,-0.468294058290683,0
0.130873519089991,0.76896782953631,-0.584683663291626,1
1.35091723599198,-0.598201296699691,0.512510426298157,0
1.15190646025246,1.44271103782253,-1.16862979531345,1
-0.253352866009619,1.39218888935411,-0.823370538920167,1
1.03519704095039,-0.697629758278421,-1.54220855598675,0
-0.72572462720031,-0.852288396409155,0.692996508710697,0
1.41649513414726,-1.336853538383,0.524529642999898,0
-1.32628782787162,-0.771525334873904,2.11213832184545,0
-0.0854848885691016,-0.807060345141471,2.15636591123553,0
1.37060558501374,0.91465348663705,-0.0773054550179646,0
2.19957393078778,0.680292250644346,-1.51575365504339,0
1.62557915732371,-1.15847756612331,-0.255618494824241,0
-0.585124413681259,0.730868445908554,0.413386948156533,1
0.43831465156402,-2.21807565396512,-0.838216442869759,0
-0.284148744139926,-0.719703802090679,0.289725166889163,0
0.637898315691802,2.12891177820005,-0.883496427496937,1
-1.90749386126782,1.20183888120178,-1.03607986640732,1
-1.38632011201334,-1.34427653506227,-1.69520486491079,0
-0.0806123949806729,1.20932562754646,-2.34158780403134,1
-1.61770585209859,0.0779695145186914,-0.430053632920526,1
-0.102580101254124,1.54357672770854,-0.199886356925801,1
0.972322992273095,0.254445349578608,-0.513824221229912,0
-0.829758546572493,0.100105249442337,2.49267978304693,1
1.07736053137406,-0.537900299251402,-1.68617122715407,0
0.364588613311616,0.169333319303635,0.809610924148335,0
-0.531631894887748,-0.185283318587062,-1.00924372465033,0
1.34785197491827,0.0555257622330655,0.0950993783094378,0
-1.96721211799447,-0.0132887092574059,-0.989722186162748,1
-0.265216369428447,0.0223987806456744,0.669521401445932,0
0.233207839383843,0.323539727662418,-1.45292998321731,0
0.488806872428935,-1.13382431171871,0.0741075743220169,0
0.188325858550792,-0.491242610404241,-1.87336871546805,0
0.499775155382979,-1.6750083072332,-0.680291091882055,0
-0.998774440164497,-1.11262826871381,0.410400978953305,0
-0.410986915701267,0.494242923789718,1.39773285951644,1
-0.0457796144666618,-1.87207306107801,-0.0206570856905722,0
0.307987011848153,-0.245688005920966,0.549063863492007,0
0.708016207333808,-1.42364275183679,-0.794550159943517,0
-0.899012020317107,-0.0366152765793786,0.719624407064005,1
0.852813617958745,-0.15823237919801,0.914336785505498,0
1.81338454019819,-0.431425102389512,-0.921131098265481,0
0.0153725575056169,-1.3575930941087,-1.14857620637278,0
-1.08965387360902,0.212490431900841,-1.64675970036923,0
-0.066087721672483,0.238918341584927,-0.0745549179535675,0
0.631910747240795,1.75801833266535,-0.610891710723447,1
0.989436458460708,0.142481203589423,-0.965620294175237,0
2.34485752718161,-1.14350862976707,1.81901079635333,0
1.494720954766,-0.887775648252757,0.495663639861247,0
-0.524238132356196,-0.385557185905965,2.39020408727446,0
1.27287788934555,1.902049397402,-0.861910018761606,1
1.2065190047557,0.951486978805585,-0.628800241597717,0
-2.08659646933974,-0.0471594426372453,-1.76787221101356,1
0.87124868777863,1.51509274371066,0.627425346923472,1
-1.04846006477182,-0.439952008915094,0.267103394867291,0
-0.139244731988989,0.458569694467965,0.793057180332142,1
0.430625296252263,-0.0363634780316564,-1.09888696421209,0
0.524376834722777,-0.0236679842948688,-0.214107584326484,0
0.995658071890283,1.61873141479299,-2.23660887979127,1
-0.393431035989186,0.255460926322834,-0.365975058328627,0
-0.214957314905692,-1.12337528824808,0.660926612244313,0
0.273442843424393,0.695255751610611,0.367635967655206,1
-0.261062479673295,-2.20223884438499,-0.353968783908057,0
0.481176986522936,0.59778815692183,-0.346791706302563,0
-0.184534782258701,-0.258086087590806,0.943937822930555,0
0.261481681506365,-0.365787090333581,0.916012881352124,0
-0.771650099690344,-0.210302411940534,0.224189978680914,0
-0.839177859247543,0.241281967531177,-0.0509166021966284,1
0.636409378633772,0.916518964286707,0.673397337545129,1
1.4675641363356,0.584095965034509,-0.642515968471918,0
-1.24229923405576,-0.288840918600742,-0.754077596514606,0
3.22424491047238,-0.80917475874204,-0.37199425674246,0
-0.424132735456106,-1.96456155852409,-1.50184186458276,0
-0.695863883883366,-1.37329926734808,-0.205896484683609,0
-0.676932250363501,1.44231464214585,-0.141843650698861,1
-0.255937737217693,0.122528642223949,1.7447198926831,1
2.89582384218927,0.0941520630590523,0.0562271042666063,0
0.501123091397979,2.28316417462818,0.89135623941825,1
0.239871082837417,0.734105309644428,2.07554323204076,1
-0.25838752382913,-1.00474234315406,0.109714119407061,0
-0.699999489071476,2.79983365680829,-0.669038897613451,1
0.517768197397115,0.0685793217266874,1.58321067848869,0
0.63509519785727,0.665458552629956,-0.0136251517809746,0
1.6411600081765,0.930399671348673,0.304726234016502,0
-0.134536816886724,-0.133870256608314,-1.44253296670055,0
-0.00390692806505377,0.850033710979472,-1.79907883827987,0
-2.15504990637259,2.10266494218463,1.53078425604471,1
0.533040566083046,0.678290739469465,-0.348198493621487,0
-0.774439757951864,1.87350312432723,-0.214486823445751,1
-0.308533584827899,-0.731460153542784,0.86641431486055,0
-0.536541273711818,-0.508654951254139,1.2812048176128,0
-0.730583915375711,0.130713740513529,-1.52607581952242,0
1.10849658678693,0.519388638924612,-0.293001156106324,0
-0.204940526144078,-0.355203953898448,0.244590983424608,0
-1.27328386851131,-0.679220877776212,0.0396493368638856,0
0.193474584780796,0.315071258364816,0.781956571584666,0
-2.25731723237037,0.857025017090219,0.46304151195149,1
0.241412517737035,-0.0721921140593986,-0.517212951623573,0
-0.627234373087081,0.37068747837729,-1.00475767320281,0
0.802581361870811,0.788145749024613,-1.8636031345188,0
0.213853220524282,-0.217847393769989,-0.336801073897056,0
0.634855250560347,0.132265547014125,-0.307924798904277,0
0.0988622620333742,0.816395798820572,0.0778882200708119,1
2.45093252997846,0.168969273786925,0.294422594937488,0
-0.304363729409538,-0.865033530739619,-0.152118385304604,0
0.143616628279351,1.0764356885975,0.809125976402905,1
-0.488987647699993,-0.0768744438856511,-0.673329472511747,0
-1.25011470503337,-0.0121755624916513,1.98738423397448,1
0.96334421189899,-0.484477240348611,-0.99176347142893,0
0.0759207636642802,-0.194562585112147,-0.990310588447616,0
0.31423154440285,3.00802905666696,0.471593052001991,1
-0.0237500133582137,0.758752956000501,-2.48227060871619,0
0.958671048109851,0.278499985040017,1.00505262184578,0
-1.11810111221156,-0.326162486905362,1.24662292813566,1
-1.03173562853377,-1.98963269244373,0.0580458977003983,0
0.990642757783176,-1.69161492091325,-0.0821365582775455,0
-0.717555262947484,1.33658497450712,-0.309765869410199,1
0.161103970185081,-0.769243356193245,0.502502430668094,0
-1.11319983773081,-0.895150863134036,-0.31214181405462,0
0.264492840542395,1.42475114574475,-0.553219026996915,1
-1.10514372564633,0.351633287652024,0.817577837747562,1
-0.581607164596789,-1.8831736878905,0.37896553899004,0
-0.244071723416387,1.00994734831168,-1.48562317831419,1
-1.3820298629957,1.95984893364223,1.23471704793014,1
-0.0294376000916572,2.2930609588053,1.24915880812004,1
-0.756375364457878,-0.907609586973961,-1.31036758808797,0
-0.652443365118411,0.536266798557721,0.694008828087197,1
0.155782252674289,0.8991367042535,2.34070638001019,1
-1.37598564940943,-1.19287063603242,0.735377651319565,0
-0.328960484200159,-0.796507273445591,-0.902429592106623,0
0.390713152939165,1.04571718697866,0.886823441340147,1
-0.688506443581633,-0.165510188472744,-0.869026657297449,0
0.0110101647747011,-0.700168470406394,0.686540889358158,0
-1.03724988591321,-0.0555577016607129,0.528757249868869,1
0.0292259619696132,-0.460172650871765,-0.670007097157768,0
1.06716589147937,0.755168696069298,0.269236920103392,0
-1.02227288726769,-1.2286642989895,-0.421350720022221,0
-0.501880698175117,0.31840598808484,-0.0350243435929008,1
1.68398540597403,2.11414968611848,1.35781500403699,1
0.00249655486724789,-0.855199682345453,-0.453301895125725,0
0.116188343913122,-0.379455786665843,1.47035741579503,0
0.900533739632869,1.91169734422451,0.225014412618438,1
-1.82227097776708,0.640036486292019,-0.651226025036465,1
-0.498233649352822,-0.725031894930977,0.260573944827779,0
0.801306015495499,1.10152330575065,0.843449741343855,1
1.11428321565141,0.531504160513607,0.72263657232171,0
-1.41315572260796,-1.31111437861815,1.21652574875986,0
1.94011729303639,-0.141421696626656,-1.52845218125538,0
-0.317333016656283,-1.29537855541138,1.18671199711315,0
-0.174344487346718,-0.723111400566622,0.707766898228184,0
0.643433031204094,0.0347936695662329,0.219994773003307,0
0.250881577577461,-0.49602071003404,1.20271284824356,0
1.24847747913553,-0.286808647407719,0.108692151510437,0
1.35954433698891,-1.72395612123625,0.388254130302123,0
0.396771816155242,0.914729108894712,-0.486008239128525,1
0.580149419106298,0.0842623040160339,-0.424883580075405,0
0.605738995446096,1.40972113520389,-0.821086613269539,1
1.10631987605964,-0.317443122702679,1.1296501375307,0
0.545728201983223,0.772167141127281,2.4242553078166,1
0.471402062445884,-0.84326443901426,-0.103587642307681,0
-0.764702522526603,-0.701139514033509,-1.02457696713271,0
1.33124835343534,0.418906489776966,1.26368791137221,0
0.525648853505657,0.97175206692926,-0.0891702784477905,1
-0.0663145127564213,1.10033322520558,-0.356918346823127,1
0.825537220020714,-1.09166377945673,-1.8074750876717,0
-3.39884669432775,1.49223168096472,-0.863003837690256,1
1.16484465692793,1.70374110825112,-0.524285412334112,1
1.85112015495283,-0.379289556002525,0.35061955452917,0
-0.413182814681945,2.37550911145784,-0.351584387735046,1
-0.266470359831305,1.14115335145174,-0.84561575378093,1
-0.456554099484678,-0.0349107556096183,-2.07755770293245,0
-2.03971462557583,0.104587313084717,0.950518212565058,1
-1.00658165661083,-1.67878810400987,-0.153637212613152,0
0.840232527357253,0.719859916463824,-0.0379795880910749,0
0.409384102985078,-0.124573486028425,1.75440412089588,0
0.451213091778868,-0.150595037551788,-1.53020067583543,0
-0.130097910327192,-0.581846384668973,-1.99305703682294,0
1.4513766245886,0.973326322246111,-1.26690523732946,0
-0.682171412225704,-0.472348529705162,0.609937686161302,0
-0.554169221719415,-1.36178964808649,-1.04151100798066,0
-0.804034999012769,-0.129005491645271,0.988907196830371,1
0.366160535226122,0.557602240737425,-0.652197486060442,0
-1.89380214371331,1.01476526914247,0.443085446003989,1
-1.36391331831443,-0.225022632774529,-0.812531202135046,0
2.17377354892628,2.7719252760493,0.522823159071311,1
-1.42472207124358,0.0865843250062744,-0.327506678973982,1
0.100443718279055,0.370195451859838,-0.296062048565123,0
0.512762163447987,0.595872853585683,-0.462263584592049,0
1.32178249725172,-1.52230214613376,1.02521645106222,0
-0.238589345088303,-0.729008335305613,0.17765105211544,0
-0.983902038059442,-0.388560252920008,-1.27987830061848,0
-0.638215009927446,0.311659575850075,-0.0826069852801741,1
-1.00664318868257,0.406036843438929,-0.317654693694228,1
-0.00101407078650477,0.902912183156197,-0.682836925405748,1
-0.742939180416512,-0.48555625866899,0.564928236894151,0
-0.208077494734941,-1.40925431748354,-0.802289487173814,0
1.35302681188435,-1.12254102573672,0.257933388861983,0
0.107287411761087,-0.668253194853645,0.780800951199615,0
-0.191367872170574,-0.134618275854414,0.483621956665828,0
-0.171847463159061,1.28145717951961,1.32172115805398,1
0.793667693228469,0.505068292962411,0.916601035421807,0
-0.182110907637717,1.10395711102649,0.277843127815427,1
0.285611016986821,1.40277792117768,-1.1051724518485,1
0.761342289708905,-1.64324365708161,-0.469250723209384,0
-0.437116060190754,0.433122449234426,1.98750572358934,1
-1.04170819488749,1.06889929354042,1.07442650384019,1
-0.085427016415623,-0.768080139897391,0.881255734234047,0
0.92654423011552,1.22335006358294,0.582461664900691,1
-0.376660663285464,-1.8551899742227,0.396688508538208,0
2.33519429916227,0.419427284230618,-0.928215541110698,0
1.56250664410359,-0.75344343070693,0.892627406828612,0
0.410721873917924,-0.0222657176171468,-0.24918674584709,0
-0.786873699353458,1.19771021577212,-1.32523348835316,1
-0.365039658577988,-0.906719642957353,-0.220504430293698,0
-0.179398482692419,0.246221510700958,-0.828875918520521,0
-0.418193028944553,-2.12995912211163,-1.04271738208383,0
0.765928916458962,0.148676535626739,-0.589970844138743,0
1.52438196281812,0.0823805288898687,-0.116014950492896,0
0.380119330303632,0.762204102724103,0.493859018222727,1
0.076390725551344,1.4061071554298,1.27401612903336,1
0.404751262715289,0.210511231533732,1.11331633373974,0
1.63810581938712,-0.467923420489702,1.37633134786177,0
2.13937181163849,1.12036954833428,0.659756999895075,0
0.920519482805623,0.712846375951092,-0.36222987999522,0
-2.14446427356884,-2.10347504322496,-0.841090151652061,0
0.693016021435041,-1.18685220683083,1.93150045932006,0
0.206612773593611,-0.00640626385362597,-0.064000305446809,0
2.48526955568299,-0.479622028272594,0.964933346732201,0
-0.124674522757372,-0.589317956783804,1.63379135213645,0
-0.0572171683953551,-0.860114797779166,0.0507253617697958,0
1.5859304039004,0.127817033452736,1.66033939425114,0
-1.67640778752079,1.08123010062364,0.43590423670636,1
-0.880946713416027,-1.48785794179175,1.89294217797307,0
0.61326911012805,-0.133309163308463,0.907311117203822,0
-0.0024054194899171,1.71263993260498,-0.549104484476411,1
0.971355346416856,-0.680803382409005,0.934341401481558,0
-0.0509600551508545,0.492346965162807,0.0527605545630001,1
0.63579938468229,0.880812886790567,0.21459357970859,1
0.040481361051241,-0.581588797527123,-0.439286359114983,0
1.42908330483238,-1.27895678969392,0.369077307466404,0
-1.14672258329762,-0.63597200889091,0.284915904389355,0
-0.708088668047168,-2.32142126520474,-2.30377498639245,0
0.382587655734333,0.751883097408951,-1.33037500361124,0
-0.0846912828993381,-0.0654513237346898,-0.300667201300015,0
0.297066985714133,0.806988044492099,0.733149059064695,1
-0.0680299684779194,0.224430325590545,0.718117745164169,0
0.0671400273732938,0.604180352654939,0.0820124011415634,1
-0.540974623545553,0.316180130401859,-1.27712657531012,0
-0.645211150277622,-0.206601121811573,-1.4415040984889,0
-0.310196117310142,0.937227489394814,1.31575324993461,1
1.66780658468932,-1.80216770284644,1.33231592417478,0
0.290679659202311,0.107604811174698,1.32342668917758,0
0.186476123732335,1.07971683896185,-0.230927338293809,1
0.565882629337285,1.49944354518657,0.0814631764097566,1
-0.214133776560381,-0.03014434604268,-0.961776089880515,0
-0.0975263082216056,-0.288735012587367,0.427621020068739,0
-0.0659465311969214,1.32877562592714,-0.943294170916299,1
0.976100864680079,1.25793006811027,-0.604456085755004,1
1.46592037550748,-1.55329314554262,0.550802530095247,0
0.575855199109129,-0.744994859911288,-1.26972463934028,0
-0.860779899243361,-1.08836337931331,1.13144665210837,0
0.0443714323849068,-0.00456665637404441,1.03879074458946,0
0.970611684034582,2.49424402256917,0.982280641454753,1
-1.14626208473719,0.559203029826257,-0.531770860931879,1
-0.554595847297597,0.835040006797178,-0.242950354453095,1
0.830485741186524,-0.5919043475299,-1.58728561552883,0
-0.497025906765898,-0.142039281203365,0.416930772936223,0
1.55378204959249,-1.82779548194405,0.990447156120521,0
-0.129698835248437,-0.956275328434201,-0.0081719090422104,0
-0.149452702550472,1.95183885795882,2.72530559758632,1
-0.0558492456224861,-1.19620976947473,-1.64035838083804,0
-1.09023970052212,0.812521608190367,-0.229301165704521,1
-0.213738588164818,1.01153758145475,0.512144688702876,1
-0.0357372565370481,-0.859305976043108,1.47065797046992,0
-0.959394880811941,1.43326011852992,0.851391303560197,1
-0.701121928969722,1.02772097087881,1.11605883671675,1
0.104725267116569,0.352385622609398,0.646379564279419,0
1.54373845737807,2.02725868464522,0.233506720775476,1
-1.8452580492308,0.338117728676035,-0.110675863548783,1
-0.544867423409785,0.648176739703857,-0.713668811767828,1
-1.13586081814614,-0.836644109451377,0.115805476340263,0
-0.660061271916578,0.768073273969394,1.04756759325355,1
0.549555651361052,-1.04845820820135,0.594131266153347,0
1.2405899404769,-1.9634531874125,0.400337383666959,0
-1.17762450040965,-1.716191887722,0.158524516735669,0
1.50016081664412,-1.06025571505267,1.56940008374007,0
-0.181335039597857,0.78425404396262,0.662903355003505,1
-0.190102675481047,0.127141674857166,-0.762194077260064,0
0.552722164772491,-0.530040516259106,-0.0459522353889256,0
-0.0964807014416451,-0.5612927902899,-0.0430927114689488,0
-0.282150484491492,-0.382102563068051,0.600716502509726,0
0.487146870228098,-1.41714316474624,-0.225592432959898,0
0.258249872232989,0.166434116525028,-0.160093690546896,0
-1.91170920907478,1.15906857635294,1.0013558454045,1
-1.42910030762972,-1.25685098175891,-0.934450455967529,0
1.056609733252,0.608982364827256,-0.99267930300688,0
1.01985073299365,0.581802798274871,-1.26939911890636,0
0.303363095890974,0.961395374426821,-0.188879430796782,1
-0.589392727888667,1.00270192395134,-0.782542162298314,1
0.0890631465831537,-0.628648166590782,-0.0459254676334523,0
-0.574179799276875,-0.184363424908373,-0.730273887258452,0
1.27821134597548,-1.59931853512595,0.00446890530139889,0
0.115801439113896,0.983665474729936,-0.524518398434815,1
-1.43815862287428,-0.491802196417715,2.55293239804119,1
-0.816927431185283,-1.45218382770702,-0.807477711226736,0
0.147044778462114,-0.358635439636516,-0.611434477855542,0
-0.364877221509648,-0.416191030384567,0.310146676703001,0
0.850197320635159,-0.666439750934218,-0.419366804228093,0
-2.1630634379497,1.30940956439071,-1.24749364748632,1
-0.178932045045748,-1.27943612709956,0.376892499031758,0
-1.57737060902639,0.573410223823931,0.395740575760667,1
0.35044194324999,-0.228324872203271,0.0173457990773383,0
-1.97299913241543,0.571304928181536,-1.47865304551499,1
0.143712092306863,-0.885580501441209,0.356141672942958,0
-0.582453113790694,0.0676324182062367,0.17685556389064,0
-0.151386587504946,-0.636179828184775,-0.511863685584259,0
-0.437163218573062,0.545765292808372,-1.07203805940605,0
0.747799035070706,-1.03515672508166,-0.783915639838263,0
-0.709130113781886,-1.14947382982525,-0.753492744153221,0
1.08755690655759,-0.0931861966439968,0.469661216034733,0
0.00932311323407305,0.46377363820178,1.44595004687065,1
-0.809183378719958,0.623270682484682,1.33642159134574,1
0.328488602670068,-2.08513224196193,0.906335289053767,0
-0.41212916655755,0.839855059642903,-0.557893440128275,1
1.56995302879173,-1.70549357988419,-1.38866463793947,0
-0.919567862993896,0.130089647435759,1.14706280182534,1
-0.048324076232542,-0.552362823781147,0.497552147116624,0
0.569577799570559,2.3436200558285,2.74067957112325,1
0.834791808058482,-0.1477832754785,-0.467893540390892,0
0.179192264492953,-1.37113820645795,-0.119744120635711,0
0.885442161512494,1.0353992359504,2.01539871478999,1
1.35262164666089,0.807274421838947,-0.818312830573283,0
0.155089907517345,0.174609816486441,-0.734912904058337,0
0.727582336502599,0.494419290592515,1.09087253134387,0
0.985968067953601,-0.456962969807316,-0.447056821407283,0
0.182851554395977,1.09613402382801,-0.1707213034463,1
0.298370414697817,-0.615374203342932,0.168724590527754,0
-0.594018729056757,-1.73776861151827,-1.39046299835724,0
-0.529726816157545,1.94077793312652,-0.552881293832592,1
-1.33186805417265,0.364488356278059,0.618859258111466,1
0.387622540587733,-1.05946845294314,-0.917626925657419,0
-0.829874155458808,0.0044369386992337,0.995399256079305,1
-1.07639100827731,-1.12825576559682,-0.468699768593524,0
-1.57977331947289,-1.37049385275123,1.00233416453386,0
-0.96017176437367,-0.774817166622704,-0.8142095763365,0
0.284109498211847,0.903333567112289,-0.64303350526948,1
2.2615904279442,0.799633944158066,1.87357619197988,0
0.185065575696291,-0.125776518894715,0.690997907837806,0
-0.195847167306973,-0.27387687601763,0.0106706894986869,0
1.3145031754094,2.42220461531796,-1.0195872421582,1
-0.0380944198596458,-1.82707920664942,0.0716926345643101,0
-1.78845224643472,0.146098997320313,-0.739140301096251,1
-0.556061890331161,0.0434220314412577,-1.13331874127184,0
-0.469463828987353,-0.514074008824149,0.796088214512611,0
0.658749114162345,1.37792557988525,0.146039789464959,1
0.806197173229687,2.32753903416769,-1.05796762284071,1
0.504616139040006,0.190471929359812,0.782013900041586,0
1.25533201081897,-1.21962502840791,1.68558617934559,0
-0.77792016246343,0.585578130999958,-0.584723065874781,1
-1.16412563194385,0.370412678876068,-2.95220262590125,0
-1.10182612330204,2.7900311558493,-0.0255980269924492,1
0.543315902267274,-0.0500624360209025,0.214542463284506,0
0.64673525968296,-1.25508353162699,0.538077833575635,0
0.922936328375527,-1.0283619030971,-0.950892401385485,0
-0.47251264964991,-1.18784996818526,1.58495596497071,0
-1.86834787216743,-0.236462310140149,0.552346052904599,1
0.561318435135515,-0.33374109973085,1.74737529188591,0
-0.0571537182291246,-0.154221577122646,-1.77834995269344,0
0.993331669860428,-0.560227168874681,0.391025248832701,0
1.75926244025892,1.23353586549149,0.962680920869875,1
0.393588302772276,0.0331728251303958,1.02260563403932,0
-0.0757963558461908,0.348239340066264,-0.766989152298285,0
-0.906580086353028,0.709946211023573,-0.416020530839673,1
-0.493020454196073,0.193579767097968,0.823708982754161,1
0.0674981212299738,0.553200314913527,1.33570591237969,1
-0.592207632387427,0.742853234201285,0.526946027037977,1
1.33044299492474,-0.269580686488908,-0.460616734526361,0
-1.07551708464475,0.494274012824482,1.20782910811858,1
-0.00657755965107388,-0.00256749508258808,0.886226910989762,0
0.887888000173593,1.12873583323269,0.137773003163912,1
-0.833289275740221,1.21080354989659,2.02575426432445,1
0.272311013140021,-0.528387369457623,0.9261859538214,0
0.580232935891272,0.304440287944146,-1.13005578879178,0
-1.0887701823923,0.21584750061489,-1.00454960269344,1
-0.538501996787558,1.23256078987177,-0.629355299648822,1
-1.07591963453742,0.228112596118577,-0.708267652214776,1
-0.74829396824841,-1.37454545767727,0.502848064409472,0
-0.180747533664062,-0.307738563193902,-1.12564070061585,0
-0.168181126361988,-0.198657792869831,-0.368453596699361,0
-0.663074882512538,-0.582028196956122,-1.55895175182558,0
0.359235842540687,0.0176434442018248,1.18080509133906,0
-0.155632035348869,-1.5518442879904,0.72026100419172,0
-0.781455604207929,0.347409077070846,-0.84176991205797,1
0.32122471721821,-3.13164029385432,-1.64460798037561,0
0.944301419370469,-0.845622109885059,1.58884562386185,0
0.40581662716597,0.58199033050213,0.110639210213256,0
-0.783032526438428,-0.979927839411235,0.170743184169709,0
0.59220445030952,1.51629963482106,-1.01734367285952,1
-0.211182997550338,-1.08001955967464,-1.77348852749913,0
2.08395134527071,-0.544729330134669,0.0718040185325625,0
0.152132050107535,-1.19325524790534,-1.32936680633892,0
0.125908540569276,0.914098266773164,0.625571330492226,1
-0.571954716488372,0.585774722560546,0.316898161854469,1
0.0983103467679473,0.987810265912353,0.341756759795325,1
0.86413841029424,0.1471748245925,0.624013353364648,0
-1.6391853480404,-0.742081239079133,-1.04195665313051,0
1.00798819747382,-0.616386688940305,0.350917857195123,0
-0.158910395293242,0.227375981223599,0.109524101768982,0
0.0605781843607032,-0.878648135947153,-0.906660398286032,0
0.522306929363773,-0.11083664535889,1.76344159831138,0
0.801351238596846,-0.313954729208128,-1.0664866955401,0
-0.56164232138839,-0.24221218403411,-0.434754090926191,0
0.21729846900724,-0.331686232245815,0.449754985915451,0
-0.131028814976002,0.508570831408544,-0.543501772286897,0
0.0960733630969714,-1.46416204880268,-1.56374514029553,0
-0.667980713188972,-0.507082736334676,-0.0904547998434955,0
0.0529298214847324,-2.46442180057723,-1.76728762730114,0
-0.358315703539801,0.711888783793489,0.539601766582698,1
0.189989816082163,-0.261135882898758,-0.164776419778234,0
0.134151224678193,0.351750767751713,1.62508134359344,1
-0.56811246533991,-0.456663107713812,0.0913751971535651,0
-0.489064843694681,-0.631726168658343,-1.29214877810871,0
-1.77568724931539,-0.219347972316571,-0.312568305581383,1
0.0587612878438266,-0.707978472515636,0.11727124990755,0
1.11298814804137,0.946591497395785,-1.58909261540771,0
-0.694564015984277,-0.0321534895663858,-0.254692493464733,0
-1.30440433291985,1.08741018983723,0.240340928945132,1
-1.80329790557495,0.41446471629411,1.80538779241861,1
-0.893785421911362,-0.73092260819807,0.321890714540541,0
-1.95370865406885,-1.09110795662938,0.08716578112133,0
1.91505978857583,-1.45855590074607,1.62957310805766,0
-1.83789351140634,0.111238969208076,-0.300401084607773,1
-0.153512512145073,-0.605112429557982,-0.00305394264151942,0
1.68068004900703,-0.00694350655919056,1.2408548843152,0
-0.574393248180346,-0.275243575444673,-0.646999388178621,0
-0.156567342779841,-2.31444592729495,-1.36634050437864,0
-0.695989133122012,0.719702632201426,1.38529531179327,1
0.445951673971377,-0.0475245596326685,1.20528247342948,0
-0.191579627828765,0.02648052872432,-0.54336412119039,0
-2.39871006409503,-0.31233274021427,-2.08023067092798,0
-1.13245109014715,-0.806094605981428,-0.0941653292017938,0
0.199851723238036,-0.22795208116192,-0.604237645153239,0
1.0856317151948,0.944028811269366,0.668438655178217,1
0.729648620051312,-0.35665905673571,-2.93083521057224,0
-0.909836658000288,-1.10320376753691,0.377736566114327,0
0.0858414077409472,-0.766383525872664,-0.467624256209473,0
0.979522940474365,0.378368078765554,-0.801328174532514,0
0.104073973401909,-0.622139613163515,0.627709771295651,0
0.189936095807413,0.0757183169055833,-2.14371173560148,0
-0.230226128661015,-0.246349359591547,-0.772279733843033,0
-0.39518466103157,0.217189421732468,2.96774779221818,1
1.30718138303724,-0.717539476209514,1.55643389747225,0
1.12233671008196,0.359796065409888,0.340936885860171,0
-0.0690842047735223,-0.98149032462179,-1.26659883350105,0
-1.0232510561619,-0.171200547549695,1.06270088899335,1
1.61616324682083,-0.100719380887291,-0.409561980291469,0
-0.10573749792142,1.60358461704211,0.440772744838466,1
0.192328332140088,1.99780194403024,1.90355566980074,1
-1.41540760206493,-0.429919510749308,0.161369244585075,0
-1.21799150701823,-0.077516298984939,0.340849872319207,1
-1.36860586806835,0.119306840078001,-0.596876484665697,1
0.237494647809867,-0.094011337305131,-0.730760057422843,0
-1.07043232725918,0.617383771696093,-0.227875614643773,1
-1.21498745683648,-0.405249078980852,-1.21192648930776,0
0.146953669540293,-0.776499674120429,-0.709513698903783,0
0.224339036893204,-1.10930394860484,0.66302978136008,0
0.0162112232706711,-0.972149196096308,0.75927348985399,0
-0.737671598489797,0.19283264480715,-0.526539669486699,0
-1.05063328364497,1.83924578555954,-0.183992311730925,1
-0.429491521818399,-0.39501938619963,1.85307782253138,0
0.494629206206283,-0.711124530032813,0.535925201539638,0
0.798472465728316,-0.0156656873690066,-0.805618317658181,0
0.86323615248487,0.0375762316346349,2.07745119579765,0
1.8104578659261,-0.514677582119856,0.00582887845501433,0
1.25339677030878,-0.803703901743961,-1.68408010540755,0
0.149334984997158,0.53806805479905,-0.0102652625344822,0
-0.728142421484009,0.723587859666687,-0.823932640442649,1
-0.151173109124634,-0.178973284206063,-0.450100706841647,0
-1.58058175147719,3.21681274546818,0.80539490249332,1
0.849607118939986,-1.12841235154628,-0.226449129896374,0
-1.42589550117298,0.777472641376621,0.693017484907352,1
-0.60811049155358,-0.163166192489262,0.65831926922789,0
-0.509941585326113,1.16770025330178,0.162954996657163,1
-0.387980382872109,-0.683896630661423,0.276217061174657,0
0.0657640462545607,0.25343428205969,0.527876730122525,0
-1.43974184885536,-0.413420877566292,0.825753435141684,1
1.55987522888713,-1.60077423714248,-1.76173366457121,0
1.11536400355226,-0.32534506282323,1.33013052055399,0
-0.280545824029257,1.19355699592187,0.57296378082147,1
1.60517936181805,0.640822797683448,0.186621900164764,0
1.51548282777828,-0.656418540897157,0.501393304283155,0
-1.49092442170671,0.562463389833148,-1.93366265086027,1
-0.21385279030397,-0.300336993917865,-0.250555313910357,0
