x_training,y_training,correct_answer
2.27714203007261,-0.642455218508247,0
0.434695376231713,-0.802445514985475,1
0.496224652112617,-1.77682481781563,0
1.56323060504094,-2.27549120140826,0
1.409022082412,-0.682144479332859,0
1.99836478241965,-1.80617464097763,0
0.794107408596561,-1.08932321723452,0
1.95452828900038,-1.34622554301548,0
2.06765757218239,-0.581927823924676,0
2.03183510987183,-0.04792707721562,1
0.922058438663988,0.671716211825808,1
1.54592481539644,-1.82500870945231,0
0.977825163117212,-1.25347273289099,0
2.30863937649702,-1.00808467971478,0
0.102952184964026,-1.02404346288742,1
0.601401551906035,-1.03922292179882,0
0.409099497043108,0.75536907425515,1
1.93843179599969,-1.22051667108284,0
1.63878052481663,0.267550066496574,1
0.390575940324833,-0.12056239137046,1
3.05369124179404,0.479087940322044,1
0.881006938160117,-2.53013340125827,0
1.54420050782803,-1.59899796794329,0
0.525359027037303,-0.416211903091857,1
1.57567336676803,0.124836351665821,1
0.706798956875438,0.0172455927232307,1
-0.45813689078983,-0.79637781093102,1
1.35551081987921,-0.759848663845138,0
2.68281397822892,-1.51571269695647,0
2.40514865994946,-0.512204656351368,0
1.07240304818936,-2.69979169342878,0
0.396366030099325,0.30757288919403,1
1.88739836440228,-1.1687719131773,0
1.71656488279677,0.271295234813949,1
-0.203444418718989,-0.621257128903455,1
1.76010639068894,-0.0222794479931994,1
1.03303110168972,-1.46952979035757,0
1.24824477348415,0.278964641435668,1
1.40674091165142,-1.48214506125437,0
1.0858531208135,-1.20614749616285,0
2.03498457806445,-1.0623891841594,0
1.86153015660604,-0.423470814240412,0
1.33608111457628,-0.216647988104455,1
2.12583569428832,-1.0445542298642,0
1.47558437272558,0.231597659013616,1
0.829678872950713,-0.70504240851802,1
-0.173596084209902,0.668296864746732,1
1.41549507887843,-1.71699346727205,0
-0.0798915501845936,-0.614769307458354,1
1.64483486857083,-2.11529748378287,0
2.37802612078577,0.344329175422402,1
0.51367057305407,-0.431584809442258,1
1.62306289376344,-2.53658415455937,0
0.190378872299369,0.945731556110442,1
2.36936836854379,-0.260525196988892,0
1.51860617404307,-1.3049070411012,0
2.46874367465197,-1.14922530493147,0
0.319318584062893,-3.06674489082463,0
1.42461840614806,-1.66738950361342,0
0.98329631894196,0.698496780170211,1
0.456872597067631,0.599224554184891,1
-0.217832337337901,-1.99195561802651,0
-1.07465679886913,-1.16731772248962,1
-1.53651583095091,-2.1659176001966,1
0.563790902122384,-0.583666811190994,1
1.11851355060065,-3.22815818816672,0
2.65729339110376,2.00596499124781,1
2.1695577420162,-0.343611858311635,0
2.38947574501611,0.263803704451486,1
-0.00109691805192091,-0.332128413572975,1
0.720068220350402,-0.977376989625683,0
0.9223835841682,-0.111586495207142,1
1.54478559740152,-3.07402742283968,0
1.56585459734901,-0.501280309434709,0
1.40555104589269,-0.911480862419279,0
0.120187992747514,-0.495688152732894,1
0.20669149344251,-2.11773382514063,0
0.140883981593957,-0.0201734953881559,1
2.1399210552992,-0.271634348744363,0
1.75430029415276,-2.50481332703877,0
0.590692161004158,-1.45656825865326,0
3.29457655540684,-2.73438506573888,0
-0.199442937199768,-1.07144405209212,1
1.95940145726333,-1.18864709987312,0
2.58993896962872,0.295806530545149,1
0.626883653323997,-0.5369471266231,1
0.388530878940405,-0.75608757457608,1
2.30409854052979,-0.534365391422888,0
0.193196784823427,-1.00894184691511,1
1.06586064814466,-1.53543482216955,0
1.73731336666869,-1.91997721418803,0
0.158663677315131,-0.848250845805263,1
0.559910471082617,-0.437859248135639,1
1.37734217945556,-0.244212165479426,1
2.09445704077171,-3.11197534733951,0
0.0851574651689673,0.158277053596235,1
0.756937520559591,-2.02951374064561,0
0.100458358517893,-1.53050196310437,0
0.981258832821265,-0.00102750236312199,1
0.131210729993434,-1.37898579567155,0
2.05384011234119,-1.02311590565393,0
0.325558636612047,0.287719262525039,1
1.17192656123493,-1.19220008008401,0
1.56447582097513,-2.47517188213173,0
0.728357074598746,-1.43056495007778,0
1.69184355408897,-2.35827648309047,0
2.16157004527515,-2.69816809305128,0
-0.854543957521129,-1.39789812091337,1
1.62028865920595,-2.06660596707705,0
-0.31301355126708,-0.824563943927966,1
-1.05939345697264,-0.285916515452963,1
1.32283780360373,-2.16954836441187,0
0.786672711385604,-0.551048290912153,1
0.868402300616737,0.149848145457379,1
2.01136972497852,-2.75842074636609,0
0.381978338172076,-2.28123556190881,0
0.869945685513149,-0.980930546827619,0
0.611294447208894,-1.63915785618233,0
2.9482520694509,-2.81568156502856,0
0.71262755550626,-2.41794405009255,0
0.141020671076152,-0.254824684917847,1
-0.722967995808102,-0.326734648451787,1
1.59676321425165,-0.832865289926965,0
1.91878765848892,-0.686681408069659,0
0.0770990000625952,-2.31102574008772,0
0.863136098608872,-2.67854537969091,0
0.327273708585167,-0.901818738481313,1
0.881727592338456,-2.23949559330855,0
0.813981977003167,-0.385129426357921,1
1.87480044528364,-1.52213388061111,0
1.80729504322421,-0.0646333162799771,1
2.13101104126971,-1.3053648745534,0
-0.291734874756639,-0.629938696358762,1
2.39419649439253,-0.66951464969988,0
1.0387310000716,-1.64983736332038,0
0.0225888878756754,0.63576047934511,1
2.15231683354991,-3.30174413539706,0
1.14922085676791,-1.58044120081916,0
2.18480009147116,-2.15306998320614,0
1.37584170282158,-1.27720236930845,0
-0.20505827396787,-1.84036755486958,0
0.740361234235087,-0.913987812466009,1
0.597375568063051,-2.8644291623167,0
1.75808881356055,-1.35377904280297,0
1.32086754653968,-1.53651320809496,0
0.470163863944422,-1.82719160872239,0
0.580640908504985,-1.02241732854081,1
-0.288662411960887,-0.378061327008983,1
2.19255700561031,-0.683550164641366,0
-0.535858566187318,-0.697545209343463,1
2.58432735103379,-2.36289724782278,0
0.622327521921095,-0.727087277975632,1
1.15742201936139,-2.96816537619257,0
0.696176123007336,-0.951754722567495,1
0.550904692707888,-1.20925156241524,0
0.798066779337898,-1.38417277455277,0
-0.178166466936257,-0.528233373956261,1
1.0963417781035,0.16244751145994,1
0.692313090265743,-0.680565716579948,1
1.01798190382495,0.59183514178549,1
0.608546989572567,-1.01415953598279,1
-1.85933662762808,0.551066217850726,1
1.96671848274215,-0.0800452290355326,1
0.710208695761418,-2.52946052893088,0
0.418288432637954,-1.16526436231348,0
1.47186334501712,0.187082877020234,1
-0.342890611157248,-0.192639453337665,1
0.507983237517948,-1.61398399650097,0
0.602405626146933,-0.665661108465427,1
0.93192120285125,0.394080714903434,1
1.59456492333266,-1.61107666710306,0
1.89079172962195,-0.289342919251822,0
1.00836560402597,0.451727348210648,1
0.603617814779394,-1.09734206560627,0
2.9307155243015,0.348162365044992,0
0.440241060548905,0.557618376271712,1
0.696032654634666,-1.91005271539153,0
-0.18050307620325,-0.687560872833883,1
0.664408783774685,-1.50842713642906,0
1.69871416960874,-3.46807154376481,0
-0.647756943085674,-1.97921741685755,0
-0.713070333367064,-2.03299998138455,0
0.467960182339321,-1.17196109167972,0
0.38089503879292,-1.11543811215216,1
-0.0760994682385403,0.40604931998926,1
3.66622531799995,-0.942070486855235,0
2.03962310420185,-1.87595678521868,0
2.04545047146389,0.92776863698358,1
-0.175637655414929,-0.46149496576308,1
0.814988388057285,1.50614685369267,1
0.0237444257991062,-0.236250744979204,1
2.79910797877375,-0.572016782417595,0
1.44444769167074,0.280852551448921,1
0.0627968767173107,-1.79505194362851,0
0.113459784150992,-1.71847675232878,0
-0.436794303758134,0.302216253926759,1
-0.944993053756672,-0.654692039607356,1
0.972174568028263,-0.39581219902121,1
1.39831055014569,-0.728367388712362,0
0.999646050849066,0.356582939879808,1
1.47858875212166,0.111298328386954,1
-0.342572785361357,-1.40973642937008,1
1.32558009494025,-0.829949228645587,0
0.951493372157421,-1.47624162264626,0
-0.167184010443147,-2.15939944541413,0
0.784299315987925,-1.30705799153016,0
1.33043950604881,-1.26578206352072,0
1.0426784369108,-2.24732514483577,0
0.111075706463051,-1.52752643793946,0
1.1530748594659,-0.0348803857167663,1
1.90100194224533,-0.198696012184451,1
2.06950087821582,0.0264839876139471,1
2.21464637923504,-0.827960881379164,0
2.20669977173218,-0.0437039275397265,1
-1.15065469663506,-1.88424656907332,1
-0.0168457703864535,-0.523867095776155,1
-0.142249942446157,-2.33012540447244,0
0.0234812286884077,0.0114175440774427,1
1.00190907121641,-1.70826813470795,0
0.035028941781644,-0.803852125410663,1
-1.09881087469454,-1.41873726930505,1
0.438886154576889,-0.652381176704937,1
-0.572716032868284,-1.48337178822537,1
0.932471953156429,-0.645834687681825,1
0.727753933686179,1.19963799981302,1
0.220376557133052,-2.61150819916433,0
1.92734497708744,-1.92823420718941,0
0.540436518678674,-1.80613603713062,0
-0.874139039436797,-0.425856330895491,1
1.25533609291518,-1.57453876794595,0
1.72887053114709,-1.37825405422225,0
0.672591003354573,-2.42042900484202,0
0.104967504519544,-2.45409456008753,0
1.80798501344075,-1.09360223977376,0
0.405046333883384,-1.35085945584409,0
-0.359627178560476,0.439223275194686,1
1.50074235604609,0.246440823604319,1
0.208739443299754,-1.98807792239211,0
-0.0154081109077779,-2.13849717867167,0
1.42347445586552,-1.56612164231395,0
0.980305184546189,-0.476620369228489,1
0.817558325762937,-0.90265677040434,1
1.88898251624664,-1.18850924988087,0
2.2994718967288,-0.419670695914372,0
1.11016233523048,-3.16776490428535,0
2.01391805531293,0.0493147759478563,1
0.000564543327542188,-2.57891870043802,0
1.24960201094449,-1.84526414172334,0
0.111085903008476,0.42963895322723,1
0.657188345893752,-2.449335350821,0
-0.0658554865051175,-3.3811526921695,0
0.584346492046278,-2.95837783636587,0
0.869966051549708,0.0973091823549206,1
1.66763905121231,-1.31911244055336,0
1.73304520621714,-0.70886909145089,0
2.99931369333925,-1.20395932173288,0
-0.174973582110191,-1.62798346647432,0
3.12165033854361,-1.93219944937201,0
0.358114207420368,-0.155001914239381,1
0.439326048667996,-2.71419798281573,0
-0.122655069414676,-1.14598470106927,1
0.90282308878022,-0.343297418228962,1
0.588274764447134,-0.0274280191973003,1
0.659643693488438,-1.03048298472253,0
0.529005698069857,-0.194613409560218,1
3.27787735972413,-1.78750684473479,0
-0.598795761032983,-0.75114610990982,1
2.89275237386972,-1.24717517310243,0
0.270664370221767,-2.86058615669597,0
2.42114465039592,-2.29693100579254,0
0.829964585172269,-0.921584356101365,0
0.314575312542038,0.0399617620152055,1
1.2603086965309,-3.46557940590522,0
-0.252229271332746,-0.995071816573103,1
1.69989272847893,-1.64173579648072,0
1.31722357204654,-2.12890741647348,0
1.44021777275907,-1.8815879226584,0
2.17311669151873,-0.074513807704733,1
0.568780482455184,-0.833693944339692,1
0.516061920895727,-1.61462117097064,0
-0.621085436995017,-0.506395756450806,1
0.601770094451388,-2.84310352560408,0
0.942486840932843,0.096107424908553,1
0.721393076573298,-2.18290043387458,0
-0.234762643118303,-0.393112119449457,1
1.50485992472957,-3.02483545075709,0
1.68811394627992,-1.42078496807469,0
3.72784612577826,-0.371319999310626,0
1.3172143964581,-2.84218303800991,0
0.969306915125909,-0.32889612958005,1
2.47580073082029,-1.08148109347587,0
1.48295709585575,-0.845240431233759,0
0.804578405586618,-1.72105567927701,0
0.918222378503029,-0.501365887264344,1
2.10264386435426,-0.645975889776694,0
1.6315466764197,-0.155723555245787,1
1.15744274399935,-3.40338525537317,0
0.535100164296604,-0.72482715345322,1
2.48231491608102,-1.93477603620284,0
0.429908299200059,0.174798885064906,1
0.710045684345952,-0.749179799765028,1
2.17207263545662,-1.07798005010576,0
2.41177211611359,-3.69035019779668,0
2.24506499302604,-0.508554986368631,0
1.34551449924713,-0.591421972116362,1
0.0326006055228267,-1.34468752820796,1
0.650746313039146,-2.35844640825306,0
0.771002341115344,-1.63108872744862,0
1.1031503060972,-1.91908464657919,0
-0.294589442658936,-0.13888565069939,1
0.737920142905699,-1.14351431912695,0
2.55562351293981,-1.6113845710652,0
1.0234683437013,-1.85803775102985,0
1.61783224106704,-0.381491301750615,1
0.791427030607395,-2.88047339481829,0
1.34031823441552,-1.82922594927853,0
-1.4250991664224,-2.05801682208829,1
-0.0959699835815524,-2.07464340355361,0
0.356726953675653,-1.03442344619391,1
-0.843417612630708,-2.63078960147544,0
-0.918028536580113,-3.21028106451859,0
-0.496916644806673,-0.503130839522432,1
-0.847465516579335,-1.02412636024389,1
1.53637299531238,-2.71404477233835,0
2.79941793867352,0.404437525258759,1
2.24446167640757,-2.3571522436371,0
1.37395449328764,-1.41197079179941,0
1.21355513669107,0.734105507149015,1
-0.197404842840301,-0.259925322340872,1
-0.670226270431976,-0.499644956900299,1
0.515817955570087,-1.57288249103806,0
0.077867720101001,-1.00312291554742,1
0.792933023459239,-3.00602489226046,0
1.52707220292153,-0.0736487444030599,1
1.33876051296066,-1.53523248498417,0
1.55474442416987,-0.787567344762777,0
1.51080419825296,-0.290914691303067,1
1.36817017695634,0.784298239025555,1
0.588404118984919,-1.00258011137945,1
-0.0955829590224047,-1.01508805301711,1
1.57888493295603,-0.234177832665696,1
2.13928256931982,-1.07180417137003,0
-0.0795556228427188,-1.16445879980677,1
-0.620651387202032,-0.524513197126642,1
1.77301305283282,-1.19748484504172,0
3.20980168633726,-1.34208046793032,0
1.24421703550205,-1.86230437757404,0
1.51171130371604,-1.19565581339893,0
0.905718150917724,-1.37481120655242,0
1.16647497481951,-1.03755604961979,0
0.479496273761854,-2.57794882335415,0
2.46837149861229,-1.44452597873602,0
1.65706262072275,-1.38265123843469,0
-0.0754710161415966,-2.44486364397856,0
2.4202752053272,-1.99929131335547,0
-0.363250317899367,-0.921826857859907,1
0.312025637767019,0.569201903845178,1
1.49929538660441,-0.549470140124662,0
2.21073937096653,1.15744810748285,1
0.636535803846241,-1.26072484246818,0
1.93857108265854,-1.20176906753265,0
1.98812998712373,-0.21662196020463,0
0.404206937418547,-2.65970150743084,0
3.01089294585897,-0.983921578343605,0
1.76240648217559,0.265942784598257,1
3.23458171226249,0.241884749730899,0
1.67372536575068,-0.394303443108234,1
0.548415204104009,-1.79169953016292,0
1.17253564074354,-0.204348797423875,1
2.49168603324376,-2.2465168190724,0
-0.0639346911890291,-0.116444264237704,1
0.20944546035396,0.0582977290908031,1
1.36697020577591,-1.50930941604889,0
1.20969389777262,-2.54264793988426,0
0.706106559829489,-0.347852895743125,1
0.738445030077777,-0.762544052025386,1
1.3490452616532,-0.79946254474725,0
0.161655092638911,-1.61734431859733,0
0.296109177493339,-1.27834223879743,0
1.91330475100489,-1.42817242046578,0
0.403461107066227,-1.03717290404969,1
2.13484215657355,-1.65261605239253,0
1.58672572301378,0.868708504486277,1
2.26725065069898,-1.00343957754209,0
-0.0842620929437188,-3.61382545590621,0
1.44745593405338,-1.18945322277301,0
4.07381395239111,-0.701070316213259,0
-0.392797432683123,-0.877740638730949,1
2.51019670293535,0.970398830227738,1
0.246517547472602,-2.04532043156865,0
0.0651808764255937,-0.392022071907618,1
1.86194502335549,-1.74676431305378,0
-0.197093570993169,-0.787378644874638,1
1.2064689620132,-1.77610759394825,0
-0.382099309222264,-3.12046075005181,0
0.624650527850886,-1.75240434099474,0
2.28988132761956,0.101701550157286,1
-0.250045632735684,-0.929207556692514,1
1.40501154469599,-0.561066594426102,0
0.185226837917294,-0.227384926749102,1
1.703885243862,-0.829632838277512,0
2.24865034486474,-0.721011839378216,0
0.30962698413458,-0.0364505543628826,1
0.997323070537427,-2.07026807867732,0
1.76731950327326,-0.340800390270152,0
1.0466722252585,-0.36643955344623,1
1.51388878517501,0.698941097851608,1
0.959994740204364,-1.00101873141957,0
0.712147187755749,-0.517594248274004,1
1.93786272198129,-1.69730368091926,0
1.42881246494034,0.420249916928169,1
1.83667944964469,-0.728545584700497,0
1.86634654877727,-1.33091583031034,0
2.94060831038518,0.111819882706698,0
1.21521198089267,-1.36257073057003,0
1.68230163034146,-1.66509573792677,0
2.47227680358702,-1.05980975530805,0
1.55692682425142,-0.645399577793959,0
-1.20693450850411,-0.251376715826163,1
0.313799754822782,-1.86151928375272,0
0.210088472852852,-1.2110454838067,1
2.00858779750526,-0.452660890684129,0
1.09029517077903,-1.56387685533828,0
1.13301360898144,-2.88670647385631,0
0.548454642435855,-0.54712211915076,1
0.918461882539344,0.699414288725877,1
0.0950801858634692,-0.692284360140014,1
-0.153860505300251,-0.0712312456910803,1
1.53535980862106,-0.847014824223144,0
2.96008927242941,-1.33748092173956,0
0.650239149919285,0.0263800183162601,1
1.23013821276036,-0.53591234449163,1
0.105260952276407,0.239228698990521,1
2.0287359918308,0.149374922830426,1
0.505737059313651,-0.938293703404064,1
0.867324491248233,-1.28457620597143,0
1.86004931950502,-1.07082595462136,0
-0.746381506502013,-0.742520617956865,1
-0.320367348608401,-1.5781487223175,1
-0.0377899070121299,-2.6598685689645,0
1.22051296210945,-1.15591421830155,0
0.963429802250919,-0.0640636422367321,1
0.120893425566573,-0.397392878702285,1
0.372090557921945,-0.390138888513796,1
-0.970828586231676,-0.872933564171565,1
2.54397670229946,-1.81381394733613,0
2.26616276395373,-0.136402786152138,0
3.1084132002649,-1.61188665031278,0
0.613740022415211,-1.61806455418237,0
0.833266102822793,-0.0912681147827951,1
0.161345776746293,-0.515436607790935,1
1.7001887411102,-2.88747278225655,0
1.46507929551092,-1.22863124245647,0
0.32114315778418,-1.29091348399129,0
1.82097478309039,-0.311032468754569,0
0.247356458814932,-1.03817771889732,1
2.28154461806901,-2.80945383566333,0
1.76539487435686,-1.85976950923226,0
2.61448410003404,-1.45510424206909,0
0.249894635746739,-1.18859930179143,1
-0.0109203923004162,-0.519292146338836,1
1.0309485930704,-1.82969243025887,0
0.134203032700986,-2.29851068913378,0
0.238647038378506,0.118587535649023,1
2.05698188426185,-0.559613317911369,0
1.88669334847264,0.071792755476368,1
1.24089658689351,-1.09688115933073,0
1.34056915486657,-2.27193442637002,0
1.60059452964274,-0.913988817975953,0
1.06446431523855,-0.877298587926698,0
0.826594833884841,-3.23668425940028,0
2.73835113548105,-0.452352697142456,0
-0.45608085509745,1.8930761865419,1
0.91647623872728,-2.9203679445911,0
1.99119210056402,-3.30810323761251,0
0.0986035918009612,-0.485215009802204,1
-0.034933321955456,-1.62341279748772,0
0.0431011023722612,-1.99455153367693,0
-0.517515890873451,-1.93295674311777,0
0.0699748722887032,-0.669269404129429,1
0.29828366462988,-1.88605121703184,0
2.28239539649039,-0.40239625131561,0
1.33122294173946,-1.97760501573066,0
1.64912097442028,-1.63523263805836,0
0.868652690428203,-1.46547224559359,0
1.8411517802843,-1.6340801520363,0
2.05330458236209,-0.902356092298892,0
0.0224524501162556,-0.898597148453045,1
1.81767844896105,-0.673431050500485,0
0.459456543207292,-2.42961725364124,0
1.57440270255241,-1.90758742751662,0
0.499331505533332,0.375971102707807,1
1.91690174218346,-0.0381346087919975,1
1.18991240239977,-0.330092428134214,1
-0.326913707183717,-0.977226477593377,1
-0.281559333292192,-1.78818879861953,0
-0.0916238623347256,-2.44929619069736,0
1.84993303030512,-0.192819081544378,1
0.572659180149145,-0.648035792213431,1
0.14415824660583,-1.38136898307162,0
-0.354553865489181,-2.06966875059531,0
1.40316769797643,-1.20515844900489,0
1.95242778803921,0.0894416547342674,1
0.0217844316008106,0.110479222808896,1
0.841039033781153,-1.18994044464427,0
1.52471900131732,-1.10861641996108,0
1.38770997852439,-1.50687694963098,0
2.69545557272768,-1.34061524931141,0
-0.40908836609369,-1.7496331692848,0
2.19402528448913,-1.46857471508405,0
1.48742304492638,-1.18834364162376,0
2.14407276323498,-0.839392422447071,0
0.547209898690604,-2.35384309647208,0
0.0584865054738328,-1.4918009820634,0
-1.46468578369926,-0.351314865349582,1
0.434021639690735,-1.61640809949403,0
1.28563338574613,-1.3904344986427,0
0.18727263625875,-0.918541992507656,1
-0.73185501034454,-2.37928432928933,0
0.352752172154544,-2.1375277837473,0
0.444612930761002,-2.90774678117789,0
1.4240763764537,-1.86326254514986,0
-0.153543172555112,-1.61871046294055,0
2.55738247541521,-1.58205686244014,0
1.92864861095572,-0.812025852958242,0
0.486998964969448,-0.537375900722159,1
0.25970019163406,0.391005935005616,1
1.66272637272687,-1.85187226019494,0
1.60427670218797,-1.26448999419962,0
0.640001864063025,-1.08403453242555,0
0.922415671214679,-1.25101211203518,0
-0.270426158537909,-0.453070175944154,1
0.943271573302364,-1.76297612800401,0
-0.177053871806814,-1.32235944563053,1
0.244043761686448,-1.58808520313992,0
1.73392051176697,-0.270946012422684,1
1.70403072301054,0.0991490200716854,1
2.19692815574959,-1.27813680220575,0
-0.333212223110678,-2.45739430224711,0
-0.169868864989777,-0.791320354993277,1
0.689726938787179,-3.18091751560445,0
0.16585338352388,-0.614139582027639,1
2.11563273565558,0.292979532401107,1
1.24146317236408,-0.0165949961975234,1
0.572342559288488,-2.00375642151687,0
1.8292471081715,-0.994488914823649,0
1.14179426286604,0.0731514858355871,1
0.124617959661797,-1.68511526987072,0
-0.182022453194639,0.05282761268612,1
2.12635148146579,-1.59510676906295,0
-1.71073791985311,-1.29670444515432,1
0.100878839339121,-2.88678804282792,0
1.76679496742977,0.247789729406561,1
-0.872641405097427,-0.314635480166842,1
1.72144195959274,-1.15879482100983,0
0.0258770669362649,-1.29569509157884,1
1.46071983972155,-1.24263019994856,0
0.47522396989635,1.00109347025146,1
0.394454426044653,-1.37668802109032,0
-0.734824976520177,-2.01924391807482,0
1.20055560269447,-1.02492650962053,0
1.73474838558612,-0.569095874859675,0
0.425829222243096,-0.906423614197686,1
1.11807939021752,-2.06633776945735,0
1.1502467728776,-3.84140949570895,0
2.71971910245587,-1.95817018670511,0
2.04768661166064,1.16711319583377,1
2.75852670240865,-1.89891728392511,0
2.39498235052879,-3.22677770763083,0
0.757305225322045,-1.05368648802177,0
-0.253648869036306,0.343689641232372,1
2.50353519177597,-0.459685106372533,0
1.87949031355178,-1.54718352709131,0
0.689360379806057,0.836484464145014,1
-0.138993944076325,-1.60258897707395,0
2.49448322166633,-1.72552859916745,0
-0.943442885426001,-0.224602929326063,1
1.40369515826088,-1.10776881559204,0
0.855854390512582,-0.364929923480926,1
0.724001658315202,-2.08874457934503,0
0.00716770404342537,0.0785449272440095,1
2.98922810334981,-1.14864629296029,0
1.44769316325736,-1.70861109102328,0
0.644967775225306,0.0353171925286029,1
1.18822395684116,-1.79063569952198,0
1.09604657727982,-0.0119450979506127,1
0.953581317616323,-0.45582473018865,1
0.165225356396303,-1.59974018987402,0
0.146567978120133,-1.57600653905917,0
3.14636168248168,0.153606601405814,0
-0.59629527742436,-0.853021595238396,1
3.11911459281174,-2.01636662163718,0
-0.507219525651893,0.294310356477543,1
-0.290213421215824,-2.39681969953204,0
0.478511113428763,-1.36614760905821,0
1.36608423236974,-0.372773539871533,1
0.938130673468987,-1.79313744082839,0
0.702590949743858,-1.14236599130653,0
1.77317849612228,-0.463421979060878,0
-0.108387387533547,-0.298377470906495,1
0.159488462644484,-1.55616692779508,0
1.62200917445719,-1.83238894026179,0
1.1320324117181,-1.88840584163806,0
-0.341276296906917,-0.384383313203208,1
2.21060007661812,0.368988173250668,1
2.90142411340574,-1.81532517852247,0
0.531056170405078,-1.16700711635614,0
0.507675452674836,-1.74893941976865,0
0.594129842914238,-1.55716753310696,0
0.388485571139565,-2.41161315386556,0
1.58504538551858,-1.61324909425505,0
1.70866954591513,0.445776480190913,1
0.30216334421273,0.29778105061563,1
1.9872945100931,-1.93525969622737,0
0.574716088505743,0.264356522828296,1
-0.470232194372095,1.21326993651295,1
0.807299540843308,-3.59956151272674,0
0.262508262576683,-1.02208215976373,1
1.69128962677799,-3.17871431900004,0
2.29813899199236,-1.97965018607015,0
1.61935322867008,-1.31791722896039,0
0.742059791859252,-1.86209880960539,0
0.246992569871472,-3.23043284849731,0
2.07492646334186,-0.925359774402907,0
0.182828488764687,-0.99439874660052,1
1.35685317685096,0.344716884428176,1
0.00720094867405729,-0.706760726578588,1
1.06757423240971,-0.360457542063313,1
0.912604622997274,-1.54454885866774,0
0.220755696338421,-2.2982695157353,0
-0.904785605833648,-0.317536905900795,1
1.13422022565469,-0.728840355452578,0
-0.670343521652552,-1.5270561581626,1
0.643097131314023,-0.641658676523477,1
0.875594380167065,0.124484124205986,1
0.97252592697316,0.142628226960011,1
0.920840117295051,-0.790913862852866,1
0.705954810058593,-0.300646644151,1
0.974701542134137,-1.61478864493985,0
0.637947720333556,-1.61268905322504,0
1.0040676520824,-1.30563223360266,0
1.78711609323832,0.339909958911005,1
1.69460533749995,-0.0121806687457967,1
1.28342878617233,-2.49360160286596,0
0.311481897978613,-1.43416910793654,0
0.222614993740005,-0.998752762109938,1
0.0778744843439252,-0.0131963847949494,1
1.5222863357282,-1.55528999120233,0
0.808883399592842,-1.30012219636634,0
-1.21337464072761,-0.817136718446851,1
0.289995729986064,-0.824563846560605,1
-0.160118796066303,-1.92063435047677,0
1.03156742505329,-1.42465706766804,0
0.645797194034611,0.166333024780897,1
1.0878760038156,-1.14963192941514,0
0.457985586186933,0.00121592418266325,1
1.64724899939548,-2.76801564108047,0
3.18153768644682,-2.2298918423462,0
0.789882736744773,-0.855278411523414,1
-0.25384882583865,0.303096703223254,1
1.40526798485488,-0.50704807331193,1
0.499127536986948,-1.52737687749834,0
1.69323658364738,-0.258433059984592,1
2.96534738963782,-0.855809944646814,0
-0.213888084791103,-0.574830718177031,1
1.65240891678901,-1.57504382173596,0
-0.164892247816577,-0.995856566444411,1
0.748984635624488,-1.3994353096498,0
0.793115744733873,-1.53236860042207,0
0.848443154806756,0.420812177705017,1
0.346895369599851,-0.608105244890522,1
-0.216661472425577,-0.104098606709559,1
2.36739266807061,-2.01091091548276,0
0.546328523949892,-0.588956078424249,1
1.14804090392154,-0.794573861668327,0
-1.67688945777064,-0.718021028353037,1
2.09778096236112,-1.49657438149221,0
1.05768110013669,-1.90500295916384,0
1.79519780586423,-3.07180040734347,0
2.28199161039372,0.00642493740404881,1
-0.278988119978031,-1.30929434257254,1
-0.145745862372151,-2.29629813415519,0
1.8018793761396,-0.173720865398605,1
2.41280952347703,-0.589535165263726,0
1.72055195788928,-0.232293289162705,1
2.93245518245951,-0.822507137079141,0
1.77616617504675,-2.24209958464676,0
-1.65111306755392,-1.67112392485686,1
-0.551188169546706,-0.874003447949187,1
1.10339749637827,-1.36076776508623,0
0.772721167249384,-0.961521085320548,0
0.529860297632853,-0.846204697752458,1
-0.383146475352017,-0.0616724661812302,1
0.84827734241181,-1.37964676584039,0
1.69982600083178,0.102430131667882,1
1.60387513277146,-0.868909747867692,0
0.238893046523045,-3.41216046986684,0
0.423636034618577,-0.242602761636245,1
0.721507471052401,-2.11500150781186,0
1.27128412196929,-2.1759577602916,0
-0.505665996460421,0.045591337043116,1
2.48929702970484,-0.476149423008503,0
1.96462381036016,0.368242344530012,1
0.708414158886341,0.289879636058976,1
0.428384224837877,-0.792030914235291,1
0.233396355140126,-0.904807308131548,1
-0.245396300639461,-0.363071764363751,1
0.407180247340863,0.403595254475726,1
0.754326715624148,-2.48594583249341,0
1.55278048095967,-1.22210798415473,0
0.683467826768325,-0.670554010855675,1
1.20727444364633,-0.342636963683101,1
1.42452656893921,-0.831140215433138,0
1.59465153581248,-2.13033746455888,0
0.0367297083049437,-1.92407186354983,0
-0.0187226409906478,0.101034775858322,1
1.87846650026156,-1.7385348681982,0
-3.09458171658092,0.768797991752779,1
-0.474227256471101,0.751341025491285,1
2.10094746950348,-1.04006436456582,0
1.44148888318079,-0.596362221033598,0
1.69014686279204,-0.412201817204445,0
-0.343346837152335,-2.66112872129171,0
3.01402656405906,0.730614088375324,1
2.66935034677964,-1.20552694805934,0
0.505456935382281,-2.35335570530178,0
0.380161390714451,-3.08077812457644,0
0.836103778078796,-1.2372006247545,0
0.353204439283595,-0.763238593862727,1
2.8014055586966,0.643007513546604,1
-0.116551448149802,-2.46683883743862,0
0.260228437167003,-2.11906112145125,0
-0.567454185364343,-1.10342441328259,1
0.165062480549078,0.225939201965399,1
0.837591171223652,-2.47114311886589,0
1.19578037940712,0.419840311795006,1
0.162948494007529,-3.29170017589502,0
0.791974083960643,-0.86873680715625,1
2.06179016652986,-0.376644757120883,0
2.09699812307507,-0.941761178540659,0
0.845457563995959,-2.60971769550295,0
2.03905238120604,-2.30479666662551,0
1.50999030395281,-1.47195707842373,0
1.23566998188425,-1.91686697684087,0
0.431251757609995,-1.56868372932508,0
1.26142407911175,-1.06829460034095,0
2.38137050263733,-2.41944227276214,0
-0.0577604619818768,-0.0873137521198049,1
-1.01357438668797,-0.735261798328232,1
0.568271513000437,-0.440302741532763,1
1.49237215509522,-1.83618600181506,0
1.16074851067295,-0.359246008514722,1
1.52077877812896,-1.54225432180793,0
3.28498025459389,-2.45899948831758,0
1.52968698082689,-0.581897415601947,0
0.339231804872717,0.654519378423587,1
0.771513182002631,-2.16876060366606,0
1.49313564556996,-0.334478237429805,1
1.4213020884688,-1.69374031110836,0
1.15378828612359,0.268187899178511,1
-0.51009784514215,-1.32620080426287,1
1.85489255584453,0.381397252599017,1
1.43294806000496,-2.88072738793546,0
-0.48905151189576,-1.65515561073676,1
2.65887092788339,-1.93009770868283,0
0.598200311660446,-2.3538739980222,0
1.00546854022112,-2.12047197698303,0
0.847950312256439,-0.0913027516816631,1
-0.293271976311236,-0.989472339617081,1
1.66675185000928,-0.0959952623145919,1
2.99851845486241,0.788001324113902,1
0.60602441801756,-0.633087000628534,1
2.01729712549047,-0.676649095668843,0
1.34464541101936,-0.216691237204566,1
-0.565142749838918,-1.17569873616052,1
0.72470929651274,-3.84488267149437,0
0.725426586094288,-2.43833820905274,0
1.32851662510273,-3.86483802638481,0
-0.659017758406249,0.652529808633584,1
1.36790375587491,-1.869801595063,0
0.144801862103977,-1.19702045244522,1
0.668762895433743,0.0705130944959906,1
1.32731813316092,0.578099448768201,1
1.948433613781,-1.91550422461443,0
-0.631487795426847,-1.66049550900769,1
2.20909260239653,-1.06078843182724,0
-0.194501755807024,-0.142608609513702,1
3.09395408146191,-1.88397429485848,0
2.30340934506794,-0.79167379831021,0
3.12812661216455,-0.346404260226155,0
0.60228763227959,-1.93762306248576,0
1.82978941759468,0.168352001171184,1
0.913332266076592,-0.322265674585597,1
-1.18927198266932,0.683472157344825,1
-0.386205104156958,-0.373894978145203,1
1.46555635044884,-0.0939676261847484,1
0.367366179891038,-0.612766092618399,1
1.3468350921684,-0.572523994425414,1
0.165976439115264,0.372554228358073,1
0.0206557258407216,-1.39433862872783,0
1.40314219212824,-1.93588545363903,0
0.97847466179089,-2.07362382368432,0
1.14819737834898,0.367330728433123,1
1.17481062554427,-0.709453173739777,0
0.00160659115760053,-0.31122469600025,1
3.38334685606686,-1.05148042410432,0
2.21787627980303,-0.913117340536706,0
-0.266910365021012,-1.51453598952548,1
0.808609519778405,-1.07183615299232,0
-0.930681329838221,-1.66548483929607,1
1.45722933700055,-1.05463026341789,0
1.19613267717263,-2.47137572071775,0
0.856239522240536,-1.23736726242341,0
0.747942159336511,-0.253358823332407,1
0.419496668861387,0.0918163700732679,1
0.525416776114912,-3.48911708134489,0
2.07307428280259,-0.792854140671754,0
0.899480137016583,-0.502315068471354,1
1.29354624302802,-0.63569771118761,0
1.6266717371214,-1.8278611580463,0
-1.06782677744642,-2.11510520427496,0
-0.534071569038666,-0.0189421614598996,1
0.410937060436057,-3.19639201165519,0
2.62229125649288,-0.781425413662788,0
2.20120996203402,-0.393429636425825,0
0.489319330801754,-0.31502351964391,1
2.81593118345026,-0.350552918674437,0
2.65905027484132,-1.45033574797414,0
1.87892001123876,-1.54128206974104,0
2.35938072349016,-0.520701091754521,0
1.65143389489595,-1.18098117806807,0
-0.354542816134175,-0.712108914815431,1
1.41249553838446,-0.600245901202245,0
-0.263693917331479,-0.892411130469947,1
2.26051253001197,-0.64915795656417,0
1.28572857811194,-1.72141795071122,0
0.826549507721374,-1.51248748720196,0
1.75547707653298,-0.473183353780735,0
0.490252132717924,-0.85973931854529,1
3.08519110222739,-0.936141144677768,0
1.44637347551263,0.536823700712057,1
0.120650682021756,-1.57935530473437,0
1.76161919722517,-0.757336148775966,0
-0.37204406329716,-0.538154407912705,1
-0.964012353973808,-0.542443851533037,1
1.75580674801066,-0.562990800578088,0
1.30419974306203,-1.25728671756459,0
-1.17908291969898,0.250057570097044,1
1.60400087995071,-0.82591526546494,0
1.69072343219442,-1.36624949293731,0
1.7813910032651,0.24823910879169,1
-0.0414887424551562,0.457035564712241,1
2.1147719970564,-0.0754786270955355,1
-0.697734186497915,-0.889520688385193,1
2.32338278578931,-1.29939057118831,0
2.58875676117464,-2.13199608026447,0
1.55482617007493,-1.24628560230826,0
-0.0843967109346679,-1.06490592451994,1
0.104454910921401,-1.16831622841958,1
-0.424588655614367,-0.855715950857034,1
1.82002700127649,0.814667660421236,1
2.00128067389658,-0.680934161441708,0
3.4800640523444,-0.7595120818762,0
0.7957635994477,-2.42638716291872,0
0.703927915547095,-1.59172523436584,0
0.802461073105214,-2.08733907065516,0
1.04140462320923,-1.29031639721275,0
0.162252350405584,-0.688805326339188,1
1.72815182639443,-2.11795093835654,0
0.482078554537464,-0.62115332188446,1
0.968582582732856,-0.248967681578519,1
0.136589124590751,-1.72102401036542,0
2.1876185227904,-0.165192017652764,0
0.956298825983702,-1.43191787063629,0
0.558545874329939,-1.10158335208069,0
-1.59202786479926,-0.797497212601944,1
0.691809851229402,-1.28860283726613,0
1.19725640238127,-0.683520513374097,0
1.01861161268077,-2.25828016209027,0
1.55681037659529,-2.2684004641899,0
0.792519483538277,-1.36861256155964,0
1.42654767058449,0.215429704388999,1
0.666975803085477,-1.2124970080628,0
1.47420378497318,-0.376451437782368,1
-0.413347264625345,-0.673322957382744,1
0.507532934094803,-0.0538990802613896,1
-0.831518353058314,-1.34606023975235,1
-0.092612087367602,-1.76081603150812,0
1.99808119938891,-1.91464998763126,0
2.08143622543926,-0.934838114312713,0
2.53149043302368,-1.47636962065268,0
-1.15213866681025,-0.991372530331563,1
0.901744378396645,-0.4917239218302,1
2.11712588741207,-0.999775946175232,0
1.41065252546679,-1.53535718185152,0
1.5317816623789,-0.0542589405252345,1
2.60715109910493,-2.30656821053823,0
2.55483994191902,-0.202834438530114,0
2.08538597212814,-2.79634742488737,0
-0.602128470332172,1.27875365160288,1
1.08495804878539,-2.07498679082957,0
1.57815725978833,-1.89906648255623,0
1.28181376724105,-0.48903956140073,1
-1.34103980448115,-1.42236529439344,1
1.61114511864854,-1.24374025589068,0
-1.7573366504178,-0.901523891564856,1
0.832613711019249,-1.78803703620423,0
0.970356274217874,-0.941293298871337,0
0.853021171272301,-2.01050153295068,0
1.29238579933612,-2.23086595705827,0
-0.117214159375229,-1.96649604308385,0
-0.270048371740494,-2.58639078407255,0
1.60399760818094,-0.87022108432168,0
2.41806382293038,-2.4553802008863,0
1.90032471818152,-0.0411772988227422,1
0.453498752526524,1.0782875537997,1
0.181535920608807,-1.01006174624127,1
-0.387369738969497,-0.41847939478652,1
0.738865432364787,-0.788999802536189,1
0.655338646627017,-1.49559875625472,0
1.30697914100461,-1.7374957821159,0
0.548779946521512,-0.814507057752372,1
1.08345331805374,-1.17593708603545,0
-0.576701798158188,-0.797507026603943,1
1.32278442214159,-2.20995177087101,0
3.01448683526893,-0.350182392625961,0
1.15978743604616,-1.04184211626633,0
1.52735130382422,-2.49257729565401,0
0.417218314605304,-1.63461154734715,0
-0.00298060818670165,-0.602544008618926,1
0.80894098915231,0.110166541655267,1
0.992556266949321,-2.16549236534037,0
-0.771152862550215,-0.488793968546888,1
1.12016252388505,-0.0877459416530506,1
2.14937394247816,0.175541082682473,1
2.34162601579162,0.0798878092281932,1
2.97739794667711,-2.16191249950066,0
1.13928485120099,-2.62030041568628,0
1.29735841166085,-0.969970736329227,0
2.08099112643073,-2.02774889743369,0
2.78370536045991,-1.64126862940757,0
1.29958832912417,-1.03450204183041,0
0.319687099817897,-1.29243744916929,0
0.726463070560092,-1.724913754958,0
0.621249574763705,-0.692646461416143,1
1.99587805293043,-0.805567892829439,0
0.718187269292543,-0.504098837304491,1
0.54199609878556,-1.25166711143901,0
2.01202534844845,-1.00016021944843,0
1.44337103052512,1.15086237932056,1
1.52211487786167,-1.60161987197887,0
0.407489353132823,0.0712569219352188,1
0.79984281662805,-1.84602119769137,0
0.648700068256298,-0.162861820058764,1
1.61546984889069,-2.57440657204102,0
0.855102083728971,-1.24512384938685,0
2.77122006413475,-1.50390310548983,0
-1.78451994686732,-1.06253475569621,1
1.12216597482534,0.304258127993335,1
0.0468718722552423,0.503762176253683,1
-0.449333726075603,-1.8576955289011,0
1.64160448678569,-1.38110702597851,0
2.33846417114932,-1.5774093654388,0
1.54247285718617,-1.26032289075719,0
0.929416565561842,-0.355356203888351,1
0.856640607023156,-0.699324631979111,1
0.411894255838108,-2.08400687523395,0
2.43760491283942,-0.403555064406934,0
0.686904550855686,-0.989416817167463,0
0.0318179578971912,-2.34970021759641,0
1.06908010568389,-0.410036598748278,1
0.672943467206632,-0.232877159489276,1
-0.200496670791491,0.946457263581226,1
-0.0381635471932766,-1.43807719966406,0
0.285842384342721,-1.66666716381887,0
-0.0514997696479707,-1.39135181393698,1
1.39756177724921,-0.472236926396914,1
-1.10858325752905,-1.60389884231053,1
0.998534320990495,-0.832565110484802,0
-0.443715057360008,0.359508271619295,1
1.29608901405639,-1.18367437387698,0
0.795021388359054,0.10264128148649,1
1.53898431533777,-0.896051515425116,0
2.29242143605483,-2.06996300641432,0
1.45927420166711,-1.45174181585707,0
1.21341595740678,-2.0967882792656,0
0.426862877187676,-2.45554482816347,0
0.955467653539296,-0.802169067155485,1
0.47773735291423,-0.532701031591668,1
1.05533796934893,-1.2921041744631,0
0.785528750033224,-1.55128641313881,0
1.71846122407087,-2.30448645509893,0
-0.991021781957323,-0.833024388515074,1
1.06494976028449,-0.00635912458459142,1
0.207382230878028,1.38361242336494,1
-0.109818943662296,-1.97006872842964,0
0.641748232081248,-1.79996140090065,0
2.94757491497591,-0.656033458944554,0
2.17445334163058,-2.26727645302269,0
-0.435068187715507,-0.107548607871263,1
0.545391416030151,-0.964825747019442,1
1.59240448438883,-1.04641695318112,0
0.82186160873109,-2.73652317612906,0
1.25800423943217,1.48758352634487,1
0.810049172404783,-1.56732842902101,0
0.76804712566569,-1.79773148926644,0
0.221252855048322,0.0452339520320402,1
0.616752577648507,-1.74450245490136,0
0.673857833588311,-0.550196502788198,1
1.00174428485263,-0.21068984119018,1
1.281862083529,0.780843059908606,1
1.1767911485879,0.855735772942256,1
0.482875685524376,-1.28402135800634,0
1.93037138778312,0.741545327165987,1
1.0544334419521,-2.24035103442932,0
2.04619994563959,-3.57596646967964,0
0.988496798408388,-1.55182060177481,0
1.58489459802643,-1.48273256662522,0
0.912764007766479,0.408899363376146,1
2.61281411465261,-1.0449046397591,0
0.617359935010076,0.493236595607757,1
0.81944175037888,0.0872076794161019,1
0.00370661305698639,-0.846910896338286,1
1.20811042371629,0.47381563787774,1
0.590378881558029,-0.956042001877046,1
0.463787355298308,-0.482176509490685,1
1.98181053825809,-1.10736881647713,0
1.07911026052372,-1.28809915821104,0
0.0875338762942088,-0.16797584204108,1
-0.793629037406562,-0.0772833100818225,1
0.698177031544867,-2.41006920175735,0
0.873110217003295,-0.485124672656121,1
1.32431135777454,-1.17392919508791,0
-0.12169869943016,0.706132927987834,1
0.683603473812729,-1.58237988638947,0
1.28120120430238,-1.49997208970327,0
2.31129044351834,-1.81062230887413,0
-0.633513383972158,0.806615041281065,1
2.35670796209291,-0.0832268325435754,0
0.415032656921128,-1.23717629344253,0
1.82370411491623,-1.8407854858257,0
-2.09960495440495,1.17266529620748,1
0.434183469786042,-2.06957596291425,0
0.212950036662499,-2.22686142979958,0
0.0291114190942624,-1.43424783127104,0
1.39450206307513,-0.841276053366592,0
-0.316661825253224,-0.0858949322687957,1
1.58197839821329,1.35042251288324,1
1.28442664880459,0.554212386553388,1
0.646867425960375,-1.54010932843069,0
1.07150729363139,-0.596798212800463,1
3.84050914208485,-1.21953193229991,0
2.28958757452343,-0.877847400780125,0
-0.683569227834374,-2.86997127214717,0
-0.1209718492392,-2.19275022177686,0
0.223639906213057,-0.942066079444585,1
0.647738076866406,-1.67887358728075,0
3.04848253014296,-1.51343624343496,0
2.95581474829541,-1.47525147256279,0
2.33896287008108,-0.942903298788958,0
2.1295061151311,0.121727267365885,1
-0.272747035648053,-0.634419044980431,1
0.79750939207607,0.323770882887313,1
-1.15581509183158,-2.85135797824556,0
1.26461452239523,-0.586446066625316,1
-1.49960304032578,-1.18328365071432,1
0.00114091847661402,-1.86750624996641,0
0.195034367069806,-1.02350618574953,1
1.18749347635613,-1.68064804850874,0
-0.660386114539622,-1.47302249046474,1
-0.206065674693772,-0.947592679188551,1
1.38791338050378,-0.576184742156515,0
1.39361631194651,-2.15892304682782,0
-1.13453129736225,-1.46446194073211,1
-0.756292347076235,-1.03547394107977,1
1.51689660738129,0.072102067392215,1
1.28551917029764,-0.994484548266981,0
-0.398938638150364,-0.547337660082428,1
0.775775434606938,-0.595360225948995,1
2.04274487999216,0.121322674692279,1
-0.660389734427324,-1.28612691744413,1
-0.129814191069103,0.892831167561308,1
0.0271544929867764,-0.0155265191524833,1
0.374939262223462,-1.33156386222117,0
2.07215759013926,-0.279088482225558,0
1.02935961832412,-2.71102002578045,0
1.34151678655515,-0.260404109944924,1
0.0584589991779669,-0.0705258644788744,1
0.433516996120008,-0.611442705936615,1
0.991590071513138,0.0131090612743614,1
0.929109872240242,-2.02521527781373,0
-0.540758060675014,-0.0394578671835915,1
2.29713228568032,-0.97593304018376,0
1.10497900456662,-2.55251139897766,0
2.87572922369292,-0.777896740040644,0
1.06515760303972,-1.46501324058814,0
2.56937431611927,-0.262802947097616,0
0.714536208113144,-0.230465281849628,1
1.24106720718349,-2.06861468371611,0
0.0814594759091767,0.285266369284781,1
1.81938005514293,-1.32395974152094,0
3.35214228250429,0.36574079734378,0
2.36772482597125,-0.625155349377487,0
1.86344717562244,-0.839563680357522,0
1.69467689931709,-0.603470673220157,0
0.677377276754667,-0.876593203291066,1
-0.188778950957634,-2.32087431176285,0
0.985343402305693,-0.683746850688701,1
0.590848550736477,0.501280272819136,1
1.96274399325081,-1.62794107162374,0
0.691877140597059,0.0275318453469808,1
0.759103507261547,-0.543081672168851,1
1.22012597839524,0.26775212151719,1
2.34261458174673,-0.152051618739929,0
-0.0186620519730623,-0.944987771006866,1
0.947654623742136,-1.77935431607936,0
-0.258025316434626,-0.799266817031652,1
-1.14980118266182,0.0081055576658462,1
0.47179938802089,-1.6091230544041,0
1.29283137107856,-0.808858341154137,0
0.318187687155564,-0.39504212773633,1
-0.527399398870883,-1.10671052746808,1
0.287194605042364,-1.10536173519904,1
1.67057693198734,-0.624793792904729,0
0.666214015347719,-1.613172085099,0
0.244096562241308,-0.855518616142503,1
0.408074851939112,-2.28531340454649,0
0.883205367704255,-2.81648035244099,0
-0.829834328259094,0.452962703899617,1
2.63673004776164,-1.070373703862,0
0.556266814804489,-1.94492548870413,0
1.35081610683081,-1.66262847091602,0
1.07140563491024,-0.959991099173784,0
2.03537245361208,-1.14845171834798,0
0.343143461315475,-2.13534682681926,0
0.652185751778693,-0.619897610065332,1
-0.039921355540512,-1.23656178181807,1
0.694248694417616,0.877247148400333,1
0.70647784151553,-1.16135249417625,0
0.534529725563119,-0.976759774821046,1
0.641535331046875,-1.62190344617479,0
0.26071236775504,-2.27213704611484,0
1.55302031083868,0.738273501438373,1
1.63488338284561,-0.325368754608552,1
0.325115036310351,-0.815411290055037,1
0.92632859321418,0.390138455652544,1
-0.0601934105434394,-0.594734851255057,1
2.01223945774374,-0.445535662263984,0
1.45221223128611,0.0435198338856513,1
-0.134938885610305,-0.350532442513308,1
-0.0190236089699904,-1.11778764684829,1
1.1501104463185,-0.182180345230097,1
2.22118556656493,-1.73470797145948,0
2.26376589576071,-0.781001723139614,0
-0.807348569889789,-1.55339431936263,1
0.177539456785411,-2.41034953396988,0
1.28717070598125,-2.77051075713713,0
0.70477731095607,-1.46643221012196,0
1.83893293122574,0.771951179051993,1
-0.556630843733534,-0.408449068042782,1
2.26644309918949,-1.14470107560433,0
1.4598616737089,-0.908596270644979,0
1.21058324007634,-2.69383167849248,0
-0.492860920647693,-2.91185025007278,0
0.915312015436911,0.131010627039448,1
1.7000367033634,-1.18762766988545,0
0.708473939746643,0.145410452501936,1
0.455818693422006,-1.93718018480656,0
2.43034918274588,0.536181955230579,1
3.22737793432235,-0.75500031135042,0
1.03477376622712,-1.76504428630265,0
2.305096508801,-0.182637504277805,0
2.12385679526998,-0.553861361623014,0
1.17101578744896,-0.764447480366727,0
0.504929583808575,-1.36616818672388,0
1.95636448907981,-1.39338007904814,0
1.60749331895862,-0.253991803292113,1
0.437387898452108,-2.33888169366205,0
2.56010614899349,-1.32508338537282,0
2.12444635077277,-1.12164483172403,0
0.875054355674208,0.0980760284512188,1
1.7003324063621,-1.86003063774743,0
2.32016439917116,-0.324012733182317,0
-0.498846937619686,-1.21039820911955,1
2.8888883723264,-2.29061527194123,0
0.00669533722626647,0.485599201536614,1
0.240704338378259,-1.08875105844367,1
-0.491523444635904,-0.697608662720501,1
2.36819256492864,-0.781767163385747,0
0.465018599619782,-0.795946655591161,1
0.00525301402849432,-1.71819317988321,0
1.02670824178058,-0.912570496599683,0
0.428318801182259,-2.16537816987212,0
2.25367746320777,-1.80164879816139,0
2.02352868353984,-0.959022809208499,0
1.75151767872884,0.498917774064789,1
-0.217616654554548,0.0553480642506134,1
2.1515923061515,-0.310719221365565,0
1.01525529833859,0.00822329812890743,1
1.5682563654406,-0.365161957678841,1
1.59952761511694,0.0331958637219063,1
-0.764952631034611,-0.833751476442301,1
1.17096138585088,1.00233501807784,1
-1.4556734152875,-1.39682736524149,1
1.96077535496349,-0.483756979174204,0
1.62059278471245,-2.06961575363588,0
2.16305525751469,-1.18905555175252,0
1.38101247008449,-0.841754567822299,0
-0.315804331994928,-0.250828565814374,1
0.280684968196501,-1.68247494565331,0
1.09483277793019,-1.4298746080989,0
2.10278065719095,0.0743614063284317,1
1.19519160971651,-0.576028146973864,1
0.635095224349275,-1.75348844070926,0
-1.03707721209863,-1.07101628721468,1
2.32563334087999,-2.54823743248625,0
2.09430616926253,-0.730727283800439,0
1.17366694904402,-2.67632102721562,0
1.79368330701582,-0.89826402512756,0
1.13360599228119,-0.870355753480623,0
2.11075455712883,-2.30055602379752,0
0.658967417524867,0.774819407350045,1
0.175452058525358,-1.86391172732559,0
-0.00738173607075554,-1.84619273705031,0
0.724846613000045,-1.94664326014087,0
2.1104777019738,-0.479763209269134,0
2.69826551729702,-0.355545300098042,0
1.62384564148811,-1.209796827691,0
2.31265588783859,-0.314139302757669,0
1.17770772653565,-2.38093849327452,0
1.43513717476821,0.285642746647145,1
1.44624081837238,-1.40707054640432,0
0.346634585148575,-2.02107408587643,0
0.86355133677755,-2.91573353174853,0
1.23840958779901,-1.11275801250155,0
1.67539115775702,-2.68280065952052,0
0.283487061157111,-0.970099160752438,1
2.32879357789541,-0.220896525506811,0
0.797792349732192,-0.888272876316142,1
-1.39119637632013,-1.43113572266925,1
3.77023681436894,0.920034995893922,1
0.215583566366312,-0.865139987754235,1
2.40718242676021,0.275304283776168,1
1.36109765076372,-1.92895783540721,0
0.970053435101279,-0.296003499412937,1
1.82041369653403,0.569417590168855,1
1.00268679084555,-1.76101539012055,0
2.62773026168,-2.00280746762015,0
-1.08960298491516,-2.99391408208535,0
0.326089948738118,-1.53721644152235,0
1.61937395657523,-0.0579024981987381,1
1.06613919363941,-1.5352302119475,0
1.36677023303776,-0.533301228942344,1
1.48537581768243,-0.848330532040925,0
1.31478018441395,0.0880593985284559,1
0.232645466850423,-0.705813287418703,1
0.688941567928662,-1.22681562724842,0
1.06826783789483,-0.960354780641309,0
1.51714766035916,-0.676122117746896,0
-0.419121572137559,0.146652252445667,1
-0.15938789181312,-1.04329667078891,1
1.58113875106312,-1.19907110582875,0
-0.182553647272913,-1.22381114323466,1
1.18790862788639,-1.71102240479483,0
1.87551471773544,-0.197347627375626,1
2.26677003170286,-1.10520626666725,0
1.4808065964701,-0.504938788894201,1
0.823757070393302,-0.00397793068148689,1
1.13077450966072,-0.935069693454257,0
2.2620436655864,0.343484506034568,1
0.146549958103464,-0.510471373108298,1
0.695435718269139,-0.289386541462844,1
1.36606025257185,-1.27062992731446,0
1.90309101309383,0.457806822888146,1
0.674903737806411,0.270341406002857,1
2.19087504570523,-0.0576074122856131,1
1.15311558305211,-2.96481176010556,0
-0.780901802089584,-0.359940228233966,1
0.181705549160877,-0.0657256772806255,1
0.344919012591785,-0.377395379007705,1
-0.154844678996202,-1.55670846763056,0
-1.0121348377449,-3.02814723192057,0
1.63160964688205,-1.95441567273015,0
3.51149846620132,-1.04055573646976,0
1.10304672387071,-1.92584863102262,0
1.49981966568679,-2.00171515774558,0
1.71304820926124,-1.63807718509583,0
0.656900851103222,-1.09779227933854,0
0.590976825076405,-1.46600379602178,0
0.225112336928705,0.67208881508917,1
0.362443270218432,-2.09446674023725,0
1.82538464781662,-0.916417648649864,0
1.15605008235563,-0.822786224627032,0
2.06429931228774,0.382283511426143,1
2.03875062605188,-1.71047003764798,0
0.772940948144731,-1.18306409023067,0
0.484039711307546,-1.11753656267124,0
1.42020052336617,-0.294242447766559,1
0.689102628866513,-0.49749814994991,1
-0.40777294347509,-3.27121905187936,0
1.74136747750983,-1.7210864696557,0
1.35263677057789,0.0529733019414715,1
-0.447817586178888,-0.629591667659404,1
-0.67317841543494,-1.1875298660117,1
-0.388965023837797,-1.83088016012349,0
0.47589633233607,-0.971746354490123,1
0.498499118948323,1.11108517361086,1
1.7000811791383,-0.667059570776692,0
-0.328629586080595,-0.829619979241269,1
0.859734755319966,-0.66512275941772,1
0.978229354568591,-2.13220643543127,0
0.957600441443818,-1.0646810933358,0
1.33349246995042,-1.47500858773724,0
0.880430797711593,-2.41126286344227,0
-0.0770112698053733,-1.36848983977938,1
0.510588518458534,-0.992458090412039,1
0.294136152967026,-1.2865253424993,0
0.107829177833064,-0.899114413783774,1
2.43702712577697,-0.341533534539451,0
-0.163273288615856,-2.04423645556035,0
2.29405079752791,-0.557502087982542,0
2.03248579020003,-0.474582055614516,0
0.0576068156219238,-0.198293902036618,1
0.473750598485494,-1.60353413588687,0
0.628109137482544,-1.58328850022145,0
1.442453627707,-1.00496530726165,0
-0.207567028594491,-1.12557196881333,1
2.78629273584499,-1.73645673986412,0
2.49089295357603,-0.959111393758626,0
0.516643400545125,-0.255487770318533,1
2.0157066509137,-0.262487094289116,0
1.240302429454,-1.04118843794533,0
1.34624426693438,-1.26062916892079,0
0.916672469780049,-1.06206360867344,0
-0.346890421935697,-1.0014865555899,1
1.29689990151894,0.449121607440139,1
1.45363418564331,-0.880895944081943,0
-0.391152840566463,-1.01143825396574,1
0.0712654613550692,-1.8209574917592,0
1.96722126110932,-0.188070173169714,1
-0.445257747212346,-2.35276062120867,0
1.93469292854943,0.257720702541127,1
0.906192356646083,-3.34930434829662,0
-0.450387627882755,-0.865438734334947,1
0.436807222379747,1.09164465848097,1
0.834171225694607,-2.66005713313519,0
1.7246226597159,-0.336419545862711,1
2.65385019715313,-1.76419764421518,0
-0.410910656964188,-1.01827306130801,1
2.12862800249749,-1.51901257513408,0
0.209710577152761,-1.91866576968226,0
2.40504256335343,0.271478466249625,1
0.514052050395449,-0.719857962348591,1
1.02525257793184,0.56395880673896,1
-0.893253219380842,-1.2400192104992,1
1.69331323898674,0.935125537137819,1
1.2364576157018,-1.15042961578847,0
1.04856653838124,-1.37919059351267,0
0.524298010285298,-2.5448316911329,0
0.441418549817531,-0.394871849627414,1
1.55373054534369,-1.30691384601941,0
3.24187317222033,-0.70325650663194,0
1.80765963765421,-1.03899258974802,0
2.08107973199793,-0.986010703328413,0
0.855395681188344,-0.727653253556189,1
1.63428940456639,-0.572111907556691,0
0.82994970865113,-0.638842591032247,1
1.89001877921274,-2.22015691288895,0
1.81147640410015,-1.51996710701664,0
2.76838711404621,-1.98867607872278,0
1.84177041914916,-2.12734569287672,0
0.103463425553035,-1.93335976197604,0
0.496512080348628,-0.713644463271617,1
2.91239928492016,-0.983410781689561,0
-0.873371497827191,-1.82493534190385,1
-0.85530280369709,-0.142763677631062,1
1.69622452706718,-1.67327555700938,0
-0.954993482297446,-1.34467772620206,1
0.690765348666089,-1.23214496152853,0
0.272095849835621,-1.47938692633293,0
-0.0381311899942347,-1.55297638667306,0
1.46979634573076,-2.07740406538503,0
2.18139664886362,-1.36785854138158,0
2.08775715396874,1.08818406428654,1
0.939474052007902,-1.16637203764651,0
0.212764774165698,-2.02241042608891,0
2.62092487914132,-0.296517908348369,0
0.817057723515368,0.382932920228814,1
1.25670532157723,-1.93943140520516,0
0.28403651375386,-1.6645006529626,0
1.24830114959422,-0.917863431664532,0
0.996687686001292,-2.00936949018367,0
0.620158544430551,-0.243311254860196,1
1.13402421875686,-1.95160553908283,0
1.33247840516976,-0.697370815680614,0
0.488901985217261,0.246936743690286,1
-0.499896401030476,-1.32836056821254,1
0.636914270678644,-2.51460322773,0
1.25693216709066,-2.14812679072213,0
0.517699449210534,-1.61755608287943,0
1.56160447448255,-1.32336105204826,0
0.539076318360327,-2.13359809624246,0
0.42363503787298,-2.00768684915501,0
1.18422683512028,0.910169491272629,1
0.0865186588756598,-0.498138987002539,1
0.207326767273879,-2.94854198946613,0
1.07075065004155,-1.63521709827749,0
2.8449820547168,-1.04053949961321,0
1.14078766293303,-1.9251586717023,0
0.408582571204691,-0.764838153880225,1
1.19796245871967,-0.621853222043833,1
1.33723949025011,-2.03913080299973,0
0.957988280169162,-1.63103096404884,0
-0.634151759677984,-2.5909460648026,0
0.920825906031971,-1.44576856647511,0
1.93947045881992,0.53722204866941,1
2.5133846812889,0.893993628292103,1
0.618459996528106,-1.57917472672422,0
1.92121893796893,0.260292398171318,1
0.589651841531984,-3.52973793950314,0
2.06137275601045,-2.46316175588467,0
1.87219594827619,-1.29538591444113,0
0.50835762883437,0.348662498224586,1
0.457176496445458,-1.12167496296915,1
2.09940492717189,-0.11381522060808,1
0.344968523811054,-0.759426372662403,1
1.54571840506768,-0.634101226091074,0
0.199670556536767,-0.851966582556485,1
-0.155790975351558,-0.399535654802696,1
-0.5182978113311,-1.07868815195541,1
1.90886391555452,-2.18008052769768,0
1.53806988138702,-0.746367530184289,0
-1.13074165884744,-0.918840435117679,1
2.15171905511145,-2.35997015493609,0
0.855124220433961,-0.345233055699924,1
1.08726111410293,-0.337674925820861,1
0.712977177482267,-0.263433272688892,1
0.746185696722426,0.88690693949998,1
-1.60883589197593,-1.4112725749533,1
1.67343828249175,-1.9938076713607,0
2.73773110939101,0.238716867190333,0
0.615204686379128,0.0793830469062995,1
1.09470574886662,-0.862460497650591,0
0.511779417341706,-0.642799986102328,1
1.01440475131036,-1.90013602047143,0
0.781719255144855,-2.50906282770389,0
1.50295019261936,-0.936038017159288,0
1.15435825904662,-1.78404755546327,0
-0.144514708687881,-1.5591954314657,0
0.465112508068056,-1.54819079390727,0
1.22772704346883,0.706569197680291,1
1.39872228588706,-0.518899415784011,1
1.2060926943843,0.369666122769761,1
-0.504942673082349,-0.777990879645888,1
2.4385410137245,-1.29808060382343,0
1.30546463210171,-1.09855530787612,0
1.21566870219358,-1.25763259136082,0
1.14185224467728,-0.633541857312994,1
1.68503383260486,0.284155796867159,1
1.64327245155941,-1.96661920139188,0
0.820917999411857,-0.737835158482942,1
-0.0210779761768716,-0.794858311198379,1
1.07512227529127,-3.22735564423869,0
0.991743173430703,-1.00407507926859,0
0.94215378311624,-0.424167530886553,1
0.0166105360314719,0.645279042398207,1
1.11050182298712,-0.251583846185345,1
0.761950608638929,-1.74308922515935,0
1.09274250769312,-1.5088468411441,0
0.53546701061344,0.00427379563828545,1
-0.121470387803289,-0.363693133002128,1
1.35642249813768,-1.08574891816537,0
0.0876054508428776,-1.07530111386731,1
0.828794995462126,-0.758023632148407,1
1.68747384909068,0.621918527473075,1
-0.428896119315701,-2.10379627793621,0
0.66872256362139,-1.64442331028121,0
1.82119428212699,1.44292951780264,1
-0.847167981549384,-0.0164793951361188,1
0.664424083082942,-1.09364018143887,0
-0.111598121026288,-1.45258028061549,1
-0.492458884795417,-1.32355926135648,1
0.702802774637111,-3.29219127879067,0
2.15086038963698,-0.54854084716485,0
2.21964102847173,-0.106476779695921,0
-0.0724401542841313,-0.742855840093682,1
-0.544721156087221,-1.13855404971545,1
1.5650435242455,-0.873049482815962,0
0.79816170544007,-1.74807871333104,0
-0.347098141413671,0.732276339119521,1
-0.786440369885786,1.20664953241992,1
2.58546365683944,-0.3739498643301,0
3.52157882429281,-2.55571493660291,0
2.26869045781606,-1.25486875005498,0
1.02175777827953,-1.83857220640557,0
0.638277885895397,-0.293153087193776,1
1.09313941673058,-0.473208961036096,1
3.18826030473718,-1.47930265168125,0
0.446687591310188,-0.34107562117497,1
1.59078964091767,-0.910515844316261,0
2.00617878788044,-1.69239617820652,0
2.60861555048224,-1.85870522279424,0
2.01704170633946,-1.33175507326973,0
1.52628521610741,-1.40346726709073,0
0.756297235180303,-2.41560616918143,0
-0.157135317777052,-0.908118914203058,1
2.3869332550829,-2.66931659072052,0
1.90629197040381,-2.28497617245083,0
1.47818463918308,0.265502360016492,1
2.13478704676961,0.126020944736386,1
0.0300718223009683,-0.22395934521141,1
0.57311935147863,-0.528418334958919,1
1.19489077770688,-1.21314862189361,0
2.60984491735215,-1.0268681254807,0
-0.77799049235151,-1.13774895840857,1
2.28148614455868,0.982763596717207,1
1.48548088808241,-1.51640210350225,0
2.60967619065459,-2.74672905673436,0
0.337861887709455,-0.575715658841618,1
0.93418382157252,-0.0987283541598828,1
0.202518636791052,0.14258172387334,1
2.32217630473055,-1.35479230705901,0
1.38064479696977,-0.970543390087791,0
1.57983699845003,-2.31022373892868,0
0.214242074361587,-0.259104444153318,1
2.07202096139215,-0.142516906097139,1
1.41896460936163,-0.524692622760885,1
1.65038771331367,-1.36194779094577,0
-0.295338595176437,-0.61041053574051,1
1.10902818593685,-1.08056665621793,0
0.219192930425646,-1.88440450506503,0
-0.906930048352616,-1.26876621240867,1
2.65516624116437,-2.36705563729871,0
1.46695848796668,-1.45389346140872,0
0.772015854136762,-0.682485787146313,1
1.2109592157497,0.0196780628096351,1
-1.52283375931844,-1.02657136963253,1
1.73262629259792,1.12565019644411,1
-0.0821557327079039,-0.876045947246402,1
1.3979034972836,-1.38093483177622,0
0.586413319747501,-0.331627792682943,1
-0.773868500179892,-0.0799723872096493,1
0.5313747671143,0.756834231651329,1
-0.684155235026644,-1.3200037291436,1
2.01150057160079,0.916263027752942,1
-0.340671986094925,-2.08656364017425,0
1.23761986120011,-0.658858510171186,0
0.679189498214167,-2.06788543177454,0
2.15220135712897,-1.55313983428609,0
1.54695347644888,-3.62724234570671,0
2.38239627989298,-0.195209954570578,0
1.45371089422176,-1.39354210451911,0
0.0837911649480744,0.458216385612561,1
0.788238381513114,0.106404774223489,1
0.0712341965122434,-1.25585937406648,1
1.24293681970324,-0.0387977175952969,1
1.19303746350458,0.399194076236386,1
2.24188155325843,-1.10111382106596,0
0.379758908905523,-1.12543670852757,1
3.31383717691592,-1.30698316979117,0
2.31362539933187,-0.111464656209099,0
-0.243359406479406,-2.41857041090785,0
0.761336236548017,-2.84880915487791,0
1.74895390826495,0.574886492778655,1
-0.458577218189912,0.0568078614602805,1
1.81361022878251,-0.978333634980696,0
0.878019221972272,-0.562773710670586,1
0.704453427121372,0.470891947428944,1
1.25893365365336,-0.534861787715775,1
1.78671681190761,-1.12803848720444,0
-0.768067211428039,-1.09952064543247,1
-0.358644003827969,-2.85929514116088,0
0.298493526109367,0.400512118850765,1
2.19052313173251,-2.02062961010534,0
1.19996388268771,-0.573282378557425,1
2.81538244160762,-0.246685572098192,0
1.47990120035622,-0.322803682658073,1
0.701657613477015,-2.42701508504927,0
1.38838397070154,-1.49423277611173,0
0.977485860904406,1.7813463899266,1
0.598298881832473,-3.72847673195951,0
2.10126018875716,0.211290719502963,1
-0.284009922191485,-0.277187439846971,1
0.735773697924793,0.0746392774084714,1
0.738280836307309,-2.52414591783705,0
0.292134107583632,-1.24839211997833,0
-0.236269400505915,1.2089032878952,1
1.3616449822655,-1.63234221759803,0
1.55238618558638,0.454609998103843,1
1.91438263273076,-0.368022302946091,0
-0.813301162809251,-2.02712511398828,0
0.59658336027056,-0.975758434794137,1
1.07323093397687,-0.993049583855499,0
0.345694402222207,-0.352017923114754,1
1.58455505360383,0.013186134745327,1
0.822138554531672,-1.70461664912711,0
-0.49655320821685,-1.50420655354601,1
1.33290710933334,-0.884738763321017,0
-0.942791161394384,-0.930102162165494,1
0.581523629621461,-0.512888567008298,1
-0.408882365043108,-2.0430339363423,0
2.84288015821165,-0.740352745095506,0
0.693431571627166,-0.568371400041631,1
1.29234546076108,-3.64840730673227,0
-0.519800047979963,-1.80286580571981,0
1.09152074935554,-2.36325004062222,0
2.28179598118955,-1.30129847368409,0
2.68392590732306,-2.15754071944592,0
1.12759404576067,-0.774976903998946,0
1.66638175499212,-1.62151023291311,0
0.518872786905408,-1.82421460245985,0
1.47834247762938,-1.58109144477953,0
-0.300448512153398,0.936281970018054,1
1.6850739944393,-1.13900783233431,0
2.53554542740442,-2.44102927149523,0
-0.42349957867245,-1.7147864025121,0
0.556693438660054,-0.625279875170434,1
2.10134611527371,-0.988950749920668,0
-0.50802941272225,-0.473001878644849,1
-0.764860133096087,-0.71507124430183,1
0.356423079315372,-1.93461001362232,0
1.93007613652608,-2.8375383101345,0
0.791464334868712,-1.19320678774934,0
-0.363509399019338,-1.91906895076547,0
2.06439254739264,0.982584790394829,1
0.738868960928356,0.429887997460944,1
1.65925521882774,0.768274822581268,1
1.74152567068661,-1.71934128531495,0
1.58945801807759,-1.69800489015835,0
1.28843355456528,-1.22557443437823,0
2.24182024438957,-1.3760516942887,0
0.452018826394475,-2.27983035912517,0
1.15779209882886,-3.57125505974681,0
0.110231930504304,-3.45035384191395,0
0.726487270463991,-1.72086508991349,0
-0.0261673529873483,-0.423398384956074,1
-0.925338232429836,-0.862051722631657,1
0.617330865916859,-2.53668564946767,0
-0.0197356534444788,-2.28285905664576,0
2.5900013977553,-1.36824781904813,0
-1.21874713877443,-0.459579462862296,1
1.29195161312597,-2.0220855175549,0
-0.466249686498412,0.642607908067865,1
1.34866756732787,-0.871789681781616,0
1.3500387260897,-1.41382363958203,0
3.10358755579847,-2.68675617774663,0
1.71585582061446,-0.689045749685434,0
0.630591229480486,-1.2547646615086,0
1.72728628775508,-1.46068253088137,0
0.698368942847517,-1.53780337823519,0
0.501757762867851,-1.40070880946972,0
1.8809066855848,1.08850940543818,1
-0.0929953737091995,-1.97758743110459,0
0.533474470259391,0.112188670674799,1
0.891989826225219,-0.246899073352618,1
1.51261101495487,-0.692855812229786,0
0.673849953248111,-1.29893789325752,0
1.62277191278807,-1.60752302452409,0
1.48702463666358,-0.338977244200351,1
1.97893433429867,-0.623074514469827,0
1.15430198684887,-1.26589221875555,0
-0.0460016572432509,-0.308667905750558,1
1.85395471525496,-1.16534767609941,0
0.853221395110056,-1.95383820347728,0
1.18649066766333,-0.17749219396237,1
1.00987827505717,-1.51593974829505,0
1.18010693248119,-2.46854854969343,0
0.749926167478382,-1.47835725105931,0
1.22074204564318,-0.799255797505911,0
2.72050750514415,0.337708782439296,1
2.16779150279471,-1.71216622125352,0
1.57955091260455,-3.23257523637442,0
2.03105565438176,-1.00386853679958,0
-0.170550660948505,-2.50808907692826,0
2.08113950753605,-1.7231580712235,0
1.26277941992226,-1.8677685047838,0
2.70011376395519,-0.802341711910269,0
1.22269339381681,-1.61774402020591,0
1.63186089920947,-1.43652382364655,0
0.943521528037988,-1.17610963710429,0
1.86326600756473,-1.5285681113144,0
-0.586169815975933,-0.673256659350963,1
2.03310525148608,-0.387856387383246,0
1.19844569111268,-0.599008948680186,1
2.35424942511945,-1.13873122833349,0
2.99007175224911,-1.04357787572704,0
2.27241684349909,-1.67861934726187,0
1.04137210501373,-0.740575784752045,1
0.0019169995485232,0.273385735876816,1
2.20195483456537,-1.64448417509214,0
3.75046572482329,-2.08176768518906,0
0.131241245637318,-1.12648746827482,1
2.59180451102258,-1.4574925818365,0
0.580338419911911,-0.0129263397706992,1
2.32340648037309,-0.720548672412374,0
0.334441780870992,-0.84087034508822,1
0.5843131348688,-0.219254080608742,1
1.11189466510333,-1.79916066186426,0
2.1585101454591,0.133101281806673,1
0.967875425973373,-1.65964268953074,0
2.82053482218103,-1.54596561454633,0
3.00848428345498,-1.73853609937564,0
0.916461277076842,-1.4538909105349,0
-0.360756794266051,-1.44502013207331,1
0.158247999965339,0.186119235991655,1
1.02184891336087,-0.287645001654265,1
1.57599687387249,-0.0246029066276344,1
0.700753069492444,-1.22602965556614,0
0.638329533804018,-2.25045831337662,0
-0.679827037294345,-0.772360359026714,1
1.61917238161126,-1.04812679936988,0
1.6075989893152,-0.252202012140956,1
-0.0581544521112274,-2.12402626223934,0
1.07353617610772,-0.79599337317241,0
1.44085169682981,-0.999331271050622,0
0.447957710978947,-1.55431318867287,0
-0.124425793616816,0.227511233391403,1
-0.0999922983327421,-1.36168442766316,1
1.16878910928105,-2.54648432967178,0
1.59003452249985,-0.536563978695148,0
-0.221334329542059,-2.22158005272368,0
2.28308909516692,-0.381234089327701,0
0.718609597518468,-1.47200316667194,0
2.69398384696735,-3.28924852963156,0
2.38307579070957,-1.56330803931547,0
1.30648419043127,-1.5571607884073,0
1.37349870640149,-1.96009070595175,0
1.14753714250505,-2.59795148021601,0
0.257730447478857,-0.734465458079201,1
0.389495528105811,-1.3950382371962,0
0.531240854204295,-2.02979636487638,0
2.75941145535436,-0.973150665657619,0
0.36377032412928,-0.561803275568979,1
-0.143750355405281,-2.51337970531382,0
1.56012141834297,-2.47294553539835,0
1.47350634670889,-2.10536685106952,0
2.95120841955037,-1.22684337947831,0
2.32599834082849,-1.85063526764546,0
1.33582485399854,-1.19721032246515,0
0.340023668984813,-2.76690700901168,0
0.0634063566170263,0.427483420291721,1
2.98322818836573,-1.93766274389966,0
-0.0964380488583996,-0.829674983977173,1
-0.513801103952912,-2.02588187397703,0
0.964874497300724,-0.319298967290452,1
0.279811838889477,0.17494168710911,1
-0.50686823537253,-0.699009083283876,1
1.12003340302175,-2.15682560749057,0
1.07324219123815,-1.84780895112528,0
1.42498335891535,-0.771146410500896,0
1.89416464873716,0.219980260049012,1
2.00055319304724,-1.29502294737879,0
1.66088525362092,-0.765557270431158,0
0.616399135522497,-1.52455322649,0
-1.11103233361761,0.498979203350896,1
0.736753828510379,-1.25858535263526,0
2.21021942255662,-1.31838429388461,0
0.226450836547572,-0.214543537696351,1
1.94923926024289,-0.882652508346053,0
-0.42458033632433,-1.43017634284841,1
1.13592867391385,0.677394620505594,1
2.22129316973282,0.224524232872186,1
1.80050151781291,0.104486545251903,1
0.576835523323451,0.190573873233017,1
1.06856422590537,0.486279575192364,1
0.354457340826366,-2.07659555604403,0
1.45448862019825,-2.03225300123657,0
3.22758984987011,-0.439024068295439,0
0.380672313331819,-2.76763247242384,0
-1.34826815966973,-1.38555898473425,1
1.25329658287283,-0.954672076205111,0
-0.143509067779328,0.689180866749648,1
0.74302150281435,-0.00714699443533351,1
1.34022145160585,-1.85254699630219,0
2.30697172012358,-1.47295290444176,0
0.38152291854436,-0.740830765839944,1
2.08112494194238,0.394355256965867,1
1.93279356718889,-1.97281371735147,0
4.67619590929237,0.603855715400698,0
1.55191272487474,-0.954658850905168,0
0.201226321896977,-1.66482676517491,0
2.48244576124237,-1.44680066047439,0
-0.339674456386587,-1.21681244258221,1
0.921613370537584,-0.961258891777836,0
1.20994518553376,-0.0025178812754455,1
1.38102675694847,-0.0700526465209702,1
1.49640021379848,-0.948827003542355,0
0.139907780564834,-0.349855747103376,1
0.889920132252866,-2.25601176053273,0
0.492923922302957,-1.55962923558959,0
-0.0396034900442774,-0.940768821357483,1
1.43559254563473,-1.96029627085287,0
0.600821168779518,-1.51010491494921,0
-0.522204513601142,-1.68652914615997,1
0.367505990635437,-0.59336413060151,1
0.283866697963443,-0.871337032201809,1
-0.140332090438989,-1.3859970118416,1
0.611266483583867,-2.38330552181092,0
1.66024306133946,-0.37776567454238,1
0.153328424619854,-2.23862395796577,0
0.0895159389863444,-1.26136918404271,1
0.515511667584246,-3.11182634564729,0
1.16837991954265,-0.853535777704303,0
1.54718225633611,-0.0468110634864792,1
1.93688596328526,-1.65846508187241,0
2.50973486625576,-2.07870107467684,0
2.20484142237135,-2.96058706423616,0
1.37849566747968,-1.13563530144366,0
1.29425284296159,-1.64208643823491,0
1.5175175902581,0.0321714175676313,1
0.476318341383419,-0.273403681896018,1
1.3455057666084,-2.53651526173801,0
1.7108666733518,-2.83708525117043,0
1.12519778929293,-0.73785193398505,0
1.15810676812622,-1.05104483901418,0
2.7088499841112,-0.968001361645765,0
2.11686956895296,-0.566761756289766,0
2.26485129351149,-0.590815991503665,0
0.947451405814693,-1.44511580164839,0
-0.160863306006499,-1.70817651191977,0
0.320198088940915,-1.08606484214672,1
-1.25044213806704,-2.79692651416942,0
0.108714736321397,1.77750860119872,1
0.771970037019736,0.798361209106657,1
1.07082709100407,-1.27900357373644,0
-0.266566334923043,0.782395133561981,1
0.723966386554437,-1.66275301637274,0
0.398324190817603,-1.12153907856366,1
0.467874894851399,-1.79204329305872,0
0.40798039179395,-0.931956995598135,1
2.27946925939867,-1.79966456748473,0
-0.205914289622134,-0.0619371601119545,1
0.904098419996203,-1.20870565080161,0
-0.433753710953271,0.101702723584342,1
1.17183917286739,-0.099997952627241,1
1.38978723087715,-2.8112455438746,0
1.1846596927149,-0.22596412549548,1
0.00866627478702131,-0.973497875741966,1
-0.0782108871416696,-0.637871821342472,1
1.61082675320321,-1.54640911771651,0
-0.650982427036622,-0.988627011447502,1
0.764579457865494,-2.7339124256991,0
0.520323499726919,-0.188075146249966,1
0.968430330722027,-1.5187498861467,0
1.61921853271534,-1.8407799850422,0
2.60287858125688,-1.12923351011768,0
1.69917130986054,-0.203868292024112,1
0.671014537135052,-0.921749773222539,1
1.64082374607768,-0.974457160683939,0
-0.801949173482176,0.112720601355672,1
2.4999797363351,-0.562631416900832,0
-0.718457637853636,-0.181280241325332,1
1.09132202968345,-2.38815188244203,0
-0.574755928190309,0.050144708036834,1
-0.416995919713249,-1.12897228362875,1
1.14731766661807,-1.2606909137656,0
3.00069380819983,-0.294472704167061,0
0.500735510721627,-1.46891221538159,0
-0.636617056904532,-1.27346711919476,1
1.61349378636815,0.0322635695421081,1
0.952216994328226,1.54097146113683,1
0.772780614820504,0.203358281722567,1
-0.306686705420156,-0.393558830773422,1
-0.17130722979412,-1.11441186175857,1
0.586721406165112,-1.02429915883103,1
2.99282443853354,0.531479525029361,1
0.964236705396748,-1.12404735026765,0
1.15774520475037,-0.527499429011787,1
1.22378779396343,-0.652056122290474,1
2.19700361491707,0.104897038190841,1
0.205951136605118,-0.232485999158732,1
0.487039349550342,-2.14241819730305,0
1.01982871393696,-2.13903753256235,0
1.02553786645149,-0.986189696141522,0
0.0522453266386413,-2.16384079218896,0
1.80866316964878,-1.02216619045103,0
0.419402155881005,-2.67809668053068,0
0.83566860734146,-0.829539176286931,1
0.302755833832859,-0.598128491830242,1
0.651365391652204,-0.807644426616105,1
0.430761041896454,-1.31033530590333,0
-1.18904146081872,-1.8713150792686,1
0.238597935868898,-0.978854793016171,1
2.07423070321441,-0.41691102710316,0
1.96446296623601,-0.180118249141977,1
-0.471528600485645,-1.12028102294829,1
-1.27328112512195,-0.72907311155256,1
2.21171818494437,0.233482459693793,1
0.812096716595372,-0.937408444700953,0
0.30463167702286,-1.4426615205543,0
0.368969263081618,-2.64171570300544,0
-0.111808868864609,-2.21660583276386,0
1.82282238425537,1.14192492600954,1
1.29085590311816,-0.709227752446474,0
1.47623101656576,-1.28519087817496,0
0.481421328496461,0.675988447799323,1
2.30505649408849,1.40353843675609,1
1.87773701875108,-0.85423767201207,0
0.658435297762499,-1.3795495322034,0
0.8193830355845,-2.70211905428658,0
2.52984143052132,-1.99371915846469,0
2.01265939690138,-1.33309456628116,0
0.568259844173906,-0.298854656198937,1
-1.3548753176941,-0.00513346071710297,1
0.233280711139348,-0.943810466971338,1
2.06849603216828,-0.622734302768957,0
-0.811220216429436,-1.38114116426741,1
1.71151162614136,-0.782003433533983,0
1.57200510407144,-1.04721494962863,0
-0.0426540437566107,1.11581761285079,1
1.95330102443795,-1.76781346676122,0
1.20361842714238,0.448387720441756,1
2.19130838438803,-1.19030204244825,0
1.49123425790764,-3.53069833311804,0
0.483870723496677,-2.0167624096734,0
0.446140788588967,-1.74006389122363,0
0.425111011572414,0.0307251289689361,1
0.335404967834651,0.994315990016397,1
0.652717399318718,-1.52703313675755,0
-0.402975367690431,-1.65479550602872,0
0.579476305929918,-1.81202057094102,0
0.517668895321449,-1.23979702210021,0
0.193259361550242,0.287752638042386,1
0.224333203383014,0.150640658976547,1
0.00457946799672426,0.459600682129995,1
1.03744129141549,-1.66232176775575,0
2.34198843556672,-0.688268173085646,0
2.41752422563349,-2.11373144345376,0
0.642274681831698,-2.14554801255824,0
1.99007796736265,-0.0711467444615277,1
0.947846402643451,-1.13439388399598,0
2.25519482624688,-1.55790996263045,0
1.96587327395195,-2.25570105481829,0
1.24293311067339,-1.36224377629877,0
2.75073684314771,-1.08689779367643,0
1.20931965200633,-1.87341401340941,0
0.831352332642639,-1.64805536307207,0
-0.503432417985352,0.135272742159552,1
0.932669408120532,-1.35092760322633,0
1.71257160850538,-0.142798363020993,1
0.435151198376972,-0.49168817302134,1
0.756915811445396,-0.657670872091775,1
-0.489295728654225,0.742490442868063,1
0.634090894141964,0.818080506189581,1
1.29892983989907,-1.34706294452107,0
1.63847952874195,-1.27685245849096,0
0.901952756205687,-2.04183494953508,0
0.653927837945021,-0.563549176975775,1
0.945256021268631,-1.90655153183177,0
0.93724541495031,-2.86577706296725,0
-0.430164164437884,-1.08846988595114,1
1.15069551996908,-1.46180485525369,0
-0.834063430699072,-0.355431385389693,1
0.811242774665652,-0.762116312082577,1
0.89870698725121,0.160138214854471,1
1.57430848801469,-2.1426729947523,0
1.11181015195935,-0.186661045352003,1
2.01112871653564,0.372155056192175,1
-0.204207420964048,-1.338706680277,1
1.67311717454637,0.431773087156397,1
-0.00396703634527262,-1.64830682685933,0
0.826832255696419,-1.19326926792843,0
2.04201834177542,0.0831067947564126,1
-0.905703886153943,0.736844503252678,1
0.65629491914757,-1.40463449254669,0
1.48433205972043,-0.00567082056465928,1
0.602874385143641,-0.114737303761999,1
-0.57698136039051,1.10953652123778,1
-0.118673143817235,-0.0287141990466854,1
1.09224500267657,-0.780217229550996,0
0.572174035948763,-0.596593029878461,1
1.11621941294728,-0.766164397254088,0
1.50452544049449,-1.8342261999975,0
0.765074974842346,-1.25171061937252,0
0.351131811872636,-0.0434118688307242,1
1.68958977891583,-1.38377319984078,0
0.848783818479597,-0.640393753259934,1
1.10211557908413,-0.44359639233207,1
-1.03945881389218,-2.51324986788584,0
2.36830403639053,-1.03622229534397,0
1.20319847832834,-0.505107155647977,1
0.159150381367629,-2.34338750283413,0
1.50449172111462,-0.812677168998593,0
0.600666776667123,-1.38888473257265,0
0.906184496486983,-0.662269155793344,1
0.855499978947667,-0.846706561640004,1
1.91039357423568,-0.595646928952779,0
0.776906744607448,-2.30291017804939,0
2.56106529321379,-1.25189896453766,0
0.851712220218104,-0.282865940623401,1
1.16162915241139,-1.9550802097188,0
1.73819525490942,-0.832613903879662,0
2.13949180679784,-0.873294402847155,0
1.09965001592613,-0.439972552436205,1
3.1965094446325,0.141014180616341,0
1.83128560849755,-1.05912528468498,0
1.39087485814275,-1.64224765219975,0
0.127115714639971,-1.66324235126356,0
0.483846738268214,-0.829723789202536,1
1.15552962466486,-0.239020662159749,1
